file_name,product,prompt
peace-lily-plant.jpg,Peace Lily Plant,"Professional e-commerce product photo, square 1:1, 4K, ultra-realistic. A Peace Lily (Spathiphyllum) with glossy dark green leaves and elegant white spathe flowers, planted in a glossy round ceramic pot that is white on top and matte black at the bottom, standing on a dark wooden tabletop against a dark grey wall with soft warm golden bokeh lights in the background. Soft studio lighting, sharp focus on the plant, healthy fresh leaves, natural colours, whole plant and pot in frame, centred with some empty space around. No text, no logo, no watermark, no people."
money-plant-golden.jpg,Money Plant Golden,"Professional e-commerce product photo, square 1:1, 4K, ultra-realistic. A Golden Money Plant (Epipremnum aureum) with heart-shaped green leaves streaked with golden yellow, trailing vines, planted in a glossy round ceramic pot that is white on top and matte black at the bottom, standing on a dark wooden tabletop against a dark grey wall with soft warm golden bokeh lights in the background. Soft studio lighting, sharp focus on the plant, healthy fresh leaves, natural colours, whole plant and pot in frame, centred with some empty space around. No text, no logo, no watermark, no people."
aglaonema-red-plant.jpg,Aglaonema Red Plant,"Professional e-commerce product photo, square 1:1, 4K, ultra-realistic. An Aglaonema Red (Chinese evergreen) with glossy leaves in vivid red-pink edged with green, planted in a glossy round ceramic pot that is white on top and matte black at the bottom, standing on a dark wooden tabletop against a dark grey wall with soft warm golden bokeh lights in the background. Soft studio lighting, sharp focus on the plant, healthy fresh leaves, natural colours, whole plant and pot in frame, centred with some empty space around. No text, no logo, no watermark, no people."
aglaonema-pink-beauty-plant-medium.jpg,Aglaonema Pink Beauty Plant - Medium,"Professional e-commerce product photo, square 1:1, 4K, ultra-realistic. An Aglaonema 'Pink Beauty' with soft pink leaves splashed with green, planted in a glossy round ceramic pot that is white on top and matte black at the bottom, standing on a dark wooden tabletop against a dark grey wall with soft warm golden bokeh lights in the background. Soft studio lighting, sharp focus on the plant, healthy fresh leaves, natural colours, whole plant and pot in frame, centred with some empty space around. No text, no logo, no watermark, no people."
lucky-bamboo-plant-3-layer.jpg,Lucky Bamboo Plant - 3 Layer,"Professional e-commerce product photo, square 1:1, 4K, ultra-realistic. A 3-layer Lucky Bamboo (Dracaena sanderiana) arrangement - green bamboo stalks tied in three tiers with a golden ribbon, sitting in pebbles, planted in a glossy round ceramic pot that is white on top and matte black at the bottom, standing on a dark wooden tabletop against a dark grey wall with soft warm golden bokeh lights in the background. Soft studio lighting, sharp focus on the plant, healthy fresh leaves, natural colours, whole plant and pot in frame, centred with some empty space around. No text, no logo, no watermark, no people."
zz-plant.jpg,ZZ Plant,"Professional e-commerce product photo, square 1:1, 4K, ultra-realistic. A ZZ plant (Zamioculcas zamiifolia) with upright stems of waxy glossy dark green leaflets, planted in a glossy round ceramic pot that is white on top and matte black at the bottom, standing on a dark wooden tabletop against a dark grey wall with soft warm golden bokeh lights in the background. Soft studio lighting, sharp focus on the plant, healthy fresh leaves, natural colours, whole plant and pot in frame, centred with some empty space around. No text, no logo, no watermark, no people."
zz-black-plant-xl.jpg,ZZ Black Plant - XL,"Professional e-commerce product photo, square 1:1, 4K, ultra-realistic. A ZZ Raven plant (Zamioculcas 'Raven') with glossy almost-black leaflets on upright stems, planted in a glossy round ceramic pot that is white on top and matte black at the bottom, standing on a dark wooden tabletop against a dark grey wall with soft warm golden bokeh lights in the background. Soft studio lighting, sharp focus on the plant, healthy fresh leaves, natural colours, whole plant and pot in frame, centred with some empty space around. No text, no logo, no watermark, no people. This is a large XL floor plant about 4-5 feet tall in a big floor pot; frame the full height."
peace-lily-large-spathiphyllum-sensation.jpg,Peace Lily Large (Spathiphyllum Sensation),"Professional e-commerce product photo, square 1:1, 4K, ultra-realistic. A big, bushy Peace Lily (Spathiphyllum Sensation) with large glossy dark green leaves and several white spathe flowers, planted in a glossy round ceramic pot that is white on top and matte black at the bottom, standing on a dark wooden tabletop against a dark grey wall with soft warm golden bokeh lights in the background. Soft studio lighting, sharp focus on the plant, healthy fresh leaves, natural colours, whole plant and pot in frame, centred with some empty space around. No text, no logo, no watermark, no people. This is a large, full plant about 2-3 feet tall."
peacock-plant.jpg,Peacock Plant,"Professional e-commerce product photo, square 1:1, 4K, ultra-realistic. A Peacock plant (Calathea makoyana) with oval leaves patterned like a peacock feather, dark green on pale green, planted in a glossy round ceramic pot that is white on top and matte black at the bottom, standing on a dark wooden tabletop against a dark grey wall with soft warm golden bokeh lights in the background. Soft studio lighting, sharp focus on the plant, healthy fresh leaves, natural colours, whole plant and pot in frame, centred with some empty space around. No text, no logo, no watermark, no people."
snake-plant-futura-superba.jpg,Snake Plant - Futura Superba,"Professional e-commerce product photo, square 1:1, 4K, ultra-realistic. A Snake Plant 'Futura Superba' with short, wide sword leaves in dark green with yellow edges, planted in a glossy round ceramic pot that is white on top and matte black at the bottom, standing on a dark wooden tabletop against a dark grey wall with soft warm golden bokeh lights in the background. Soft studio lighting, sharp focus on the plant, healthy fresh leaves, natural colours, whole plant and pot in frame, centred with some empty space around. No text, no logo, no watermark, no people."
rubber-plant.jpg,Rubber Plant,"Professional e-commerce product photo, square 1:1, 4K, ultra-realistic. A Rubber Plant (Ficus elastica) with large glossy dark green oval leaves on an upright stem, planted in a glossy round ceramic pot that is white on top and matte black at the bottom, standing on a dark wooden tabletop against a dark grey wall with soft warm golden bokeh lights in the background. Soft studio lighting, sharp focus on the plant, healthy fresh leaves, natural colours, whole plant and pot in frame, centred with some empty space around. No text, no logo, no watermark, no people."
lucky-bamboo-plant-2-layer.jpg,Lucky Bamboo Plant - 2 Layer,"Professional e-commerce product photo, square 1:1, 4K, ultra-realistic. A 2-layer Lucky Bamboo (Dracaena sanderiana) arrangement - green bamboo stalks tied in two tiers with a golden ribbon, sitting in pebbles, planted in a glossy round ceramic pot that is white on top and matte black at the bottom, standing on a dark wooden tabletop against a dark grey wall with soft warm golden bokeh lights in the background. Soft studio lighting, sharp focus on the plant, healthy fresh leaves, natural colours, whole plant and pot in frame, centred with some empty space around. No text, no logo, no watermark, no people."
zz-plant-xl.jpg,ZZ Plant - XL,"Professional e-commerce product photo, square 1:1, 4K, ultra-realistic. A ZZ plant (Zamioculcas zamiifolia) with upright stems of waxy glossy dark green leaflets, planted in a glossy round ceramic pot that is white on top and matte black at the bottom, standing on a dark wooden tabletop against a dark grey wall with soft warm golden bokeh lights in the background. Soft studio lighting, sharp focus on the plant, healthy fresh leaves, natural colours, whole plant and pot in frame, centred with some empty space around. No text, no logo, no watermark, no people. This is a large XL floor plant about 4-5 feet tall in a big floor pot; frame the full height."
ficus-moclame-plant-xl.jpg,Ficus Moclame Plant - XL,"Professional e-commerce product photo, square 1:1, 4K, ultra-realistic. A Ficus 'Moclame' tree with a bushy crown of small round glossy leaves, planted in a glossy round ceramic pot that is white on top and matte black at the bottom, standing on a dark wooden tabletop against a dark grey wall with soft warm golden bokeh lights in the background. Soft studio lighting, sharp focus on the plant, healthy fresh leaves, natural colours, whole plant and pot in frame, centred with some empty space around. No text, no logo, no watermark, no people. This is a large XL floor plant about 4-5 feet tall in a big floor pot; frame the full height."
dwarf-zz-plant.jpg,Dwarf ZZ Plant,"Professional e-commerce product photo, square 1:1, 4K, ultra-realistic. A compact dwarf ZZ plant (Zamioculcas zamiifolia Zenzi) with dense curled glossy dark green leaves, planted in a glossy round ceramic pot that is white on top and matte black at the bottom, standing on a dark wooden tabletop against a dark grey wall with soft warm golden bokeh lights in the background. Soft studio lighting, sharp focus on the plant, healthy fresh leaves, natural colours, whole plant and pot in frame, centred with some empty space around. No text, no logo, no watermark, no people."
chlorophytum-spider-plant.jpg,Chlorophytum Spider Plant,"Professional e-commerce product photo, square 1:1, 4K, ultra-realistic. A Spider plant (Chlorophytum comosum) with arching green-and-white striped leaves and baby plantlets, planted in a glossy round ceramic pot that is white on top and matte black at the bottom, standing on a dark wooden tabletop against a dark grey wall with soft warm golden bokeh lights in the background. Soft studio lighting, sharp focus on the plant, healthy fresh leaves, natural colours, whole plant and pot in frame, centred with some empty space around. No text, no logo, no watermark, no people."
calathea-sanderiana.jpg,Calathea Sanderiana,"Professional e-commerce product photo, square 1:1, 4K, ultra-realistic. A Calathea 'Sanderiana' with dark glossy leaves with fine pink pinstripes, planted in a glossy round ceramic pot that is white on top and matte black at the bottom, standing on a dark wooden tabletop against a dark grey wall with soft warm golden bokeh lights in the background. Soft studio lighting, sharp focus on the plant, healthy fresh leaves, natural colours, whole plant and pot in frame, centred with some empty space around. No text, no logo, no watermark, no people."
snake-plant-golden.jpg,Snake Plant - Golden,"Professional e-commerce product photo, square 1:1, 4K, ultra-realistic. A Snake Plant with upright sword leaves edged in golden yellow, planted in a glossy round ceramic pot that is white on top and matte black at the bottom, standing on a dark wooden tabletop against a dark grey wall with soft warm golden bokeh lights in the background. Soft studio lighting, sharp focus on the plant, healthy fresh leaves, natural colours, whole plant and pot in frame, centred with some empty space around. No text, no logo, no watermark, no people."
snake-plant-green.jpg,Snake Plant - Green,"Professional e-commerce product photo, square 1:1, 4K, ultra-realistic. A Snake Plant with upright dark green sword leaves with light green banding, planted in a glossy round ceramic pot that is white on top and matte black at the bottom, standing on a dark wooden tabletop against a dark grey wall with soft warm golden bokeh lights in the background. Soft studio lighting, sharp focus on the plant, healthy fresh leaves, natural colours, whole plant and pot in frame, centred with some empty space around. No text, no logo, no watermark, no people."
sansevieria-superba-green-snake-plant.jpg,Sansevieria Superba Green - Snake Plant,"Professional e-commerce product photo, square 1:1, 4K, ultra-realistic. A Snake Plant (Sansevieria superba) with short, broad dark green leaves, planted in a glossy round ceramic pot that is white on top and matte black at the bottom, standing on a dark wooden tabletop against a dark grey wall with soft warm golden bokeh lights in the background. Soft studio lighting, sharp focus on the plant, healthy fresh leaves, natural colours, whole plant and pot in frame, centred with some empty space around. No text, no logo, no watermark, no people."
zamia-zz-black-plant.jpg,Zamia ZZ Black Plant,"Professional e-commerce product photo, square 1:1, 4K, ultra-realistic. A ZZ Raven plant (Zamioculcas 'Raven') with glossy almost-black leaflets on upright stems, planted in a glossy round ceramic pot that is white on top and matte black at the bottom, standing on a dark wooden tabletop against a dark grey wall with soft warm golden bokeh lights in the background. Soft studio lighting, sharp focus on the plant, healthy fresh leaves, natural colours, whole plant and pot in frame, centred with some empty space around. No text, no logo, no watermark, no people."
earth-star-plant-pink.jpg,Earth Star Plant - Pink,"Professional e-commerce product photo, square 1:1, 4K, ultra-realistic. A pink Earth Star bromeliad (Cryptanthus) - a flat star-shaped rosette with pink striped leaves, planted in a glossy round ceramic pot that is white on top and matte black at the bottom, standing on a dark wooden tabletop against a dark grey wall with soft warm golden bokeh lights in the background. Soft studio lighting, sharp focus on the plant, healthy fresh leaves, natural colours, whole plant and pot in frame, centred with some empty space around. No text, no logo, no watermark, no people."
sansevieria-gold-flame-snake-plant.jpg,Sansevieria Gold Flame Snake Plant,"Professional e-commerce product photo, square 1:1, 4K, ultra-realistic. A Snake Plant 'Gold Flame' with upright leaves in bright golden-yellow and green, planted in a glossy round ceramic pot that is white on top and matte black at the bottom, standing on a dark wooden tabletop against a dark grey wall with soft warm golden bokeh lights in the background. Soft studio lighting, sharp focus on the plant, healthy fresh leaves, natural colours, whole plant and pot in frame, centred with some empty space around. No text, no logo, no watermark, no people."
philodendron-brasil-plant.jpg,Philodendron Brasil Plant,"Professional e-commerce product photo, square 1:1, 4K, ultra-realistic. A Philodendron 'Brasil' with heart-shaped green leaves with lime-yellow stripes, trailing, planted in a glossy round ceramic pot that is white on top and matte black at the bottom, standing on a dark wooden tabletop against a dark grey wall with soft warm golden bokeh lights in the background. Soft studio lighting, sharp focus on the plant, healthy fresh leaves, natural colours, whole plant and pot in frame, centred with some empty space around. No text, no logo, no watermark, no people."
dracaena-lemon-lime-plant-large.jpg,Dracaena Lemon Lime Plant - Large,"Professional e-commerce product photo, square 1:1, 4K, ultra-realistic. A Dracaena 'Lemon Lime' with sword-shaped leaves striped lime green, yellow and white, planted in a glossy round ceramic pot that is white on top and matte black at the bottom, standing on a dark wooden tabletop against a dark grey wall with soft warm golden bokeh lights in the background. Soft studio lighting, sharp focus on the plant, healthy fresh leaves, natural colours, whole plant and pot in frame, centred with some empty space around. No text, no logo, no watermark, no people. This is a large, full plant about 2-3 feet tall."
philodendron-melinonii-golden-large.jpg,Philodendron Melinonii Golden - Large,"Professional e-commerce product photo, square 1:1, 4K, ultra-realistic. A Philodendron melinonii 'Golden' with a big rosette of broad golden-green leaves, planted in a glossy round ceramic pot that is white on top and matte black at the bottom, standing on a dark wooden tabletop against a dark grey wall with soft warm golden bokeh lights in the background. Soft studio lighting, sharp focus on the plant, healthy fresh leaves, natural colours, whole plant and pot in frame, centred with some empty space around. No text, no logo, no watermark, no people. This is a large, full plant about 2-3 feet tall."
philodendron-ring-of-fire-variegated.jpg,Philodendron Ring of Fire Variegated,"Professional e-commerce product photo, square 1:1, 4K, ultra-realistic. A Philodendron 'Ring of Fire' with deeply lobed leaves variegated in orange, pink, cream and green, planted in a glossy round ceramic pot that is white on top and matte black at the bottom, standing on a dark wooden tabletop against a dark grey wall with soft warm golden bokeh lights in the background. Soft studio lighting, sharp focus on the plant, healthy fresh leaves, natural colours, whole plant and pot in frame, centred with some empty space around. No text, no logo, no watermark, no people."
sansevieria-whitney-snake-plant.jpg,Sansevieria Whitney - Snake Plant,"Professional e-commerce product photo, square 1:1, 4K, ultra-realistic. A Snake Plant 'Whitney' with short, broad upright leaves speckled green and cream with white edges, planted in a glossy round ceramic pot that is white on top and matte black at the bottom, standing on a dark wooden tabletop against a dark grey wall with soft warm golden bokeh lights in the background. Soft studio lighting, sharp focus on the plant, healthy fresh leaves, natural colours, whole plant and pot in frame, centred with some empty space around. No text, no logo, no watermark, no people."
philodendron-melinonii-green-large.jpg,Philodendron Melinonii Green - Large,"Professional e-commerce product photo, square 1:1, 4K, ultra-realistic. A Philodendron melinonii with a big rosette of broad glossy green leaves, planted in a glossy round ceramic pot that is white on top and matte black at the bottom, standing on a dark wooden tabletop against a dark grey wall with soft warm golden bokeh lights in the background. Soft studio lighting, sharp focus on the plant, healthy fresh leaves, natural colours, whole plant and pot in frame, centred with some empty space around. No text, no logo, no watermark, no people. This is a large, full plant about 2-3 feet tall."
calathea-pinstripe-plant.jpg,Calathea Pinstripe Plant,"Professional e-commerce product photo, square 1:1, 4K, ultra-realistic. A Calathea ornata with dark green leaves painted with thin pink-white pinstripes, planted in a glossy round ceramic pot that is white on top and matte black at the bottom, standing on a dark wooden tabletop against a dark grey wall with soft warm golden bokeh lights in the background. Soft studio lighting, sharp focus on the plant, healthy fresh leaves, natural colours, whole plant and pot in frame, centred with some empty space around. No text, no logo, no watermark, no people."
aralia-variegated-mini-plant.jpg,Aralia Variegated Mini Plant,"Professional e-commerce product photo, square 1:1, 4K, ultra-realistic. A variegated Aralia (Polyscias) with small rounded cream-edged leaves, planted in a glossy round ceramic pot that is white on top and matte black at the bottom, standing on a dark wooden tabletop against a dark grey wall with soft warm golden bokeh lights in the background. Soft studio lighting, sharp focus on the plant, healthy fresh leaves, natural colours, whole plant and pot in frame, centred with some empty space around. No text, no logo, no watermark, no people."
spider-plant-with-hanging-pot.jpg,Spider Plant With Hanging Pot,"Professional e-commerce product photo, square 1:1, 4K, ultra-realistic. A Spider plant (Chlorophytum comosum) with arching green-and-white striped leaves and baby plantlets, planted in a glossy round ceramic pot that is white on top and matte black at the bottom, standing on a dark wooden tabletop against a dark grey wall with soft warm golden bokeh lights in the background. Soft studio lighting, sharp focus on the plant, healthy fresh leaves, natural colours, whole plant and pot in frame, centred with some empty space around. No text, no logo, no watermark, no people. Show it in a hanging version of the same pot with a thin black rope hanger, vines trailing down."
lucky-wheel-bamboo-plant.jpg,Lucky Wheel Bamboo Plant,"Professional e-commerce product photo, square 1:1, 4K, ultra-realistic. A Lucky Bamboo wheel arrangement - green bamboo stalks arranged in a round wheel shape, sitting in pebbles, planted in a glossy round ceramic pot that is white on top and matte black at the bottom, standing on a dark wooden tabletop against a dark grey wall with soft warm golden bokeh lights in the background. Soft studio lighting, sharp focus on the plant, healthy fresh leaves, natural colours, whole plant and pot in frame, centred with some empty space around. No text, no logo, no watermark, no people."
philodendron-congo.jpg,Philodendron Congo,"Professional e-commerce product photo, square 1:1, 4K, ultra-realistic. A Philodendron 'Congo' with large glossy oval leaves in rich green on a compact upright stem, planted in a glossy round ceramic pot that is white on top and matte black at the bottom, standing on a dark wooden tabletop against a dark grey wall with soft warm golden bokeh lights in the background. Soft studio lighting, sharp focus on the plant, healthy fresh leaves, natural colours, whole plant and pot in frame, centred with some empty space around. No text, no logo, no watermark, no people."
pineapple-lucky-bamboo-plant.jpg,Pineapple Lucky Bamboo Plant,"Professional e-commerce product photo, square 1:1, 4K, ultra-realistic. A Pineapple-shaped Lucky Bamboo arrangement of short green stalks bundled into a pineapple shape with leafy top, planted in a glossy round ceramic pot that is white on top and matte black at the bottom, standing on a dark wooden tabletop against a dark grey wall with soft warm golden bokeh lights in the background. Soft studio lighting, sharp focus on the plant, healthy fresh leaves, natural colours, whole plant and pot in frame, centred with some empty space around. No text, no logo, no watermark, no people."
lucky-bamboo-plant-pyramid.jpg,Lucky Bamboo Plant - Pyramid,"Professional e-commerce product photo, square 1:1, 4K, ultra-realistic. A Pyramid Lucky Bamboo arrangement - green bamboo stalks of different heights arranged in a pyramid shape, sitting in pebbles, planted in a glossy round ceramic pot that is white on top and matte black at the bottom, standing on a dark wooden tabletop against a dark grey wall with soft warm golden bokeh lights in the background. Soft studio lighting, sharp focus on the plant, healthy fresh leaves, natural colours, whole plant and pot in frame, centred with some empty space around. No text, no logo, no watermark, no people."
indian-christmas-tree-xl.jpg,Indian Christmas Tree - XL,"Professional e-commerce product photo, square 1:1, 4K, ultra-realistic. An Indian Christmas Tree (Araucaria heterophylla, Norfolk pine) with tiered soft needle branches, planted in a glossy round ceramic pot that is white on top and matte black at the bottom, standing on a dark wooden tabletop against a dark grey wall with soft warm golden bokeh lights in the background. Soft studio lighting, sharp focus on the plant, healthy fresh leaves, natural colours, whole plant and pot in frame, centred with some empty space around. No text, no logo, no watermark, no people. This is a large XL floor plant about 4-5 feet tall in a big floor pot; frame the full height."
wandering-jew-with-hanging-pot.jpg,Wandering Jew With Hanging Pot,"Professional e-commerce product photo, square 1:1, 4K, ultra-realistic. A Wandering Jew (Tradescantia zebrina) with purple-and-silver striped leaves trailing, planted in a glossy round ceramic pot that is white on top and matte black at the bottom, standing on a dark wooden tabletop against a dark grey wall with soft warm golden bokeh lights in the background. Soft studio lighting, sharp focus on the plant, healthy fresh leaves, natural colours, whole plant and pot in frame, centred with some empty space around. No text, no logo, no watermark, no people. Show it in a hanging version of the same pot with a thin black rope hanger, vines trailing down."
money-plant-satin.jpg,Money Plant Satin,"Professional e-commerce product photo, square 1:1, 4K, ultra-realistic. A Satin Pothos (Scindapsus pictus) with velvety dark green heart-shaped leaves spotted silver, planted in a glossy round ceramic pot that is white on top and matte black at the bottom, standing on a dark wooden tabletop against a dark grey wall with soft warm golden bokeh lights in the background. Soft studio lighting, sharp focus on the plant, healthy fresh leaves, natural colours, whole plant and pot in frame, centred with some empty space around. No text, no logo, no watermark, no people."
jade-mini-plant.jpg,Jade Mini Plant,"Professional e-commerce product photo, square 1:1, 4K, ultra-realistic. A small Jade plant (Crassula ovata) with thick round glossy coin-like leaves on woody stems, planted in a glossy round ceramic pot that is white on top and matte black at the bottom, standing on a dark wooden tabletop against a dark grey wall with soft warm golden bokeh lights in the background. Soft studio lighting, sharp focus on the plant, healthy fresh leaves, natural colours, whole plant and pot in frame, centred with some empty space around. No text, no logo, no watermark, no people."
snake-plant-golden-hahnii.jpg,Snake Plant - Golden Hahnii,"Professional e-commerce product photo, square 1:1, 4K, ultra-realistic. A compact rosette Snake Plant (Sansevieria 'Golden Hahnii') with short broad leaves edged in golden yellow, planted in a glossy round ceramic pot that is white on top and matte black at the bottom, standing on a dark wooden tabletop against a dark grey wall with soft warm golden bokeh lights in the background. Soft studio lighting, sharp focus on the plant, healthy fresh leaves, natural colours, whole plant and pot in frame, centred with some empty space around. No text, no logo, no watermark, no people."
cactus-plant-elongated.jpg,Cactus Plant - Elongated,"Professional e-commerce product photo, square 1:1, 4K, ultra-realistic. A tall green columnar cactus with fine spines, planted in a glossy round ceramic pot that is white on top and matte black at the bottom, standing on a dark wooden tabletop against a dark grey wall with soft warm golden bokeh lights in the background. Soft studio lighting, sharp focus on the plant, healthy fresh leaves, natural colours, whole plant and pot in frame, centred with some empty space around. No text, no logo, no watermark, no people."
heart-hoya-plant.jpg,Heart Hoya Plant,"Professional e-commerce product photo, square 1:1, 4K, ultra-realistic. A Heart Hoya (Hoya kerrii) - a single thick green heart-shaped succulent leaf planted upright, planted in a glossy round ceramic pot that is white on top and matte black at the bottom, standing on a dark wooden tabletop against a dark grey wall with soft warm golden bokeh lights in the background. Soft studio lighting, sharp focus on the plant, healthy fresh leaves, natural colours, whole plant and pot in frame, centred with some empty space around. No text, no logo, no watermark, no people."
zebra-haworthia-plant.jpg,Zebra Haworthia Plant,"Professional e-commerce product photo, square 1:1, 4K, ultra-realistic. A Zebra Haworthia (Haworthiopsis attenuata) - a small spiky rosette with white zebra stripes, planted in a glossy round ceramic pot that is white on top and matte black at the bottom, standing on a dark wooden tabletop against a dark grey wall with soft warm golden bokeh lights in the background. Soft studio lighting, sharp focus on the plant, healthy fresh leaves, natural colours, whole plant and pot in frame, centred with some empty space around. No text, no logo, no watermark, no people."
haworthia-cymbiformis-plant.jpg,Haworthia Cymbiformis Plant,"Professional e-commerce product photo, square 1:1, 4K, ultra-realistic. A Haworthia cymbiformis - a small rosette of plump translucent pale green leaves, planted in a glossy round ceramic pot that is white on top and matte black at the bottom, standing on a dark wooden tabletop against a dark grey wall with soft warm golden bokeh lights in the background. Soft studio lighting, sharp focus on the plant, healthy fresh leaves, natural colours, whole plant and pot in frame, centred with some empty space around. No text, no logo, no watermark, no people."
haworthia-turgida.jpg,Haworthia Turgida,"Professional e-commerce product photo, square 1:1, 4K, ultra-realistic. A Haworthia turgida - a clustering rosette of small plump green leaves with translucent tips, planted in a glossy round ceramic pot that is white on top and matte black at the bottom, standing on a dark wooden tabletop against a dark grey wall with soft warm golden bokeh lights in the background. Soft studio lighting, sharp focus on the plant, healthy fresh leaves, natural colours, whole plant and pot in frame, centred with some empty space around. No text, no logo, no watermark, no people."
heart-hoya-plant-variegated.jpg,Heart Hoya Plant - Variegated,"Professional e-commerce product photo, square 1:1, 4K, ultra-realistic. A variegated Heart Hoya (Hoya kerrii) - a single thick heart-shaped succulent leaf with cream edges, planted in a glossy round ceramic pot that is white on top and matte black at the bottom, standing on a dark wooden tabletop against a dark grey wall with soft warm golden bokeh lights in the background. Soft studio lighting, sharp focus on the plant, healthy fresh leaves, natural colours, whole plant and pot in frame, centred with some empty space around. No text, no logo, no watermark, no people."
haworthia-fasciata-plant.jpg,Haworthia Fasciata Plant,"Professional e-commerce product photo, square 1:1, 4K, ultra-realistic. A Haworthia fasciata - a rosette of pointed dark leaves with raised white bands, planted in a glossy round ceramic pot that is white on top and matte black at the bottom, standing on a dark wooden tabletop against a dark grey wall with soft warm golden bokeh lights in the background. Soft studio lighting, sharp focus on the plant, healthy fresh leaves, natural colours, whole plant and pot in frame, centred with some empty space around. No text, no logo, no watermark, no people."
haworthia-maculata-plant.jpg,Haworthia Maculata Plant,"Professional e-commerce product photo, square 1:1, 4K, ultra-realistic. A Haworthia maculata - a rosette of pointed leaves with white spots, planted in a glossy round ceramic pot that is white on top and matte black at the bottom, standing on a dark wooden tabletop against a dark grey wall with soft warm golden bokeh lights in the background. Soft studio lighting, sharp focus on the plant, healthy fresh leaves, natural colours, whole plant and pot in frame, centred with some empty space around. No text, no logo, no watermark, no people."
haworthia-limifolia-var-ubomboensis.jpg,Haworthia Limifolia var. Ubomboensis,"Professional e-commerce product photo, square 1:1, 4K, ultra-realistic. A Haworthia limifolia - a flat star-shaped rosette of broad ridged dark green leaves, planted in a glossy round ceramic pot that is white on top and matte black at the bottom, standing on a dark wooden tabletop against a dark grey wall with soft warm golden bokeh lights in the background. Soft studio lighting, sharp focus on the plant, healthy fresh leaves, natural colours, whole plant and pot in frame, centred with some empty space around. No text, no logo, no watermark, no people."
money-plant-variegated-with-hanging-pot.jpg,Money Plant Variegated With Hanging Pot,"Professional e-commerce product photo, square 1:1, 4K, ultra-realistic. A variegated Money Plant (Epipremnum 'Marble Queen') with heart-shaped leaves marbled cream-white and green, trailing vines, planted in a glossy round ceramic pot that is white on top and matte black at the bottom, standing on a dark wooden tabletop against a dark grey wall with soft warm golden bokeh lights in the background. Soft studio lighting, sharp focus on the plant, healthy fresh leaves, natural colours, whole plant and pot in frame, centred with some empty space around. No text, no logo, no watermark, no people. Show it in a hanging version of the same pot with a thin black rope hanger, vines trailing down."
philodendron-oxycardium-green-with-hanging-pot.jpg,Philodendron Oxycardium Green With Hanging Pot,"Professional e-commerce product photo, square 1:1, 4K, ultra-realistic. A heart-leaf Philodendron (Philodendron hederaceum) with glossy green heart-shaped leaves, trailing, planted in a glossy round ceramic pot that is white on top and matte black at the bottom, standing on a dark wooden tabletop against a dark grey wall with soft warm golden bokeh lights in the background. Soft studio lighting, sharp focus on the plant, healthy fresh leaves, natural colours, whole plant and pot in frame, centred with some empty space around. No text, no logo, no watermark, no people. Show it in a hanging version of the same pot with a thin black rope hanger, vines trailing down."
money-plant-golden-with-hanging-pot.jpg,Money Plant Golden With Hanging Pot,"Professional e-commerce product photo, square 1:1, 4K, ultra-realistic. A Golden Money Plant (Epipremnum aureum) with heart-shaped green leaves streaked with golden yellow, trailing vines, planted in a glossy round ceramic pot that is white on top and matte black at the bottom, standing on a dark wooden tabletop against a dark grey wall with soft warm golden bokeh lights in the background. Soft studio lighting, sharp focus on the plant, healthy fresh leaves, natural colours, whole plant and pot in frame, centred with some empty space around. No text, no logo, no watermark, no people. Show it in a hanging version of the same pot with a thin black rope hanger, vines trailing down."
philodendron-oxycardium-brasil-with-hanging-pot.jpg,Philodendron Oxycardium Brasil With Hanging Pot,"Professional e-commerce product photo, square 1:1, 4K, ultra-realistic. A Philodendron hederaceum 'Brasil' with heart-shaped green leaves with lime-yellow stripes, trailing, planted in a glossy round ceramic pot that is white on top and matte black at the bottom, standing on a dark wooden tabletop against a dark grey wall with soft warm golden bokeh lights in the background. Soft studio lighting, sharp focus on the plant, healthy fresh leaves, natural colours, whole plant and pot in frame, centred with some empty space around. No text, no logo, no watermark, no people. Show it in a hanging version of the same pot with a thin black rope hanger, vines trailing down."
money-plant-n-joy-with-hanging-pot.jpg,Money Plant N Joy With Hanging Pot,"Professional e-commerce product photo, square 1:1, 4K, ultra-realistic. A Money Plant N'Joy (Epipremnum 'N'Joy') with small heart-shaped leaves with crisp white and green patches, planted in a glossy round ceramic pot that is white on top and matte black at the bottom, standing on a dark wooden tabletop against a dark grey wall with soft warm golden bokeh lights in the background. Soft studio lighting, sharp focus on the plant, healthy fresh leaves, natural colours, whole plant and pot in frame, centred with some empty space around. No text, no logo, no watermark, no people. Show it in a hanging version of the same pot with a thin black rope hanger, vines trailing down."
philodendron-oxycardium-golden-with-hanging-pot.jpg,Philodendron Oxycardium Golden with Hanging Pot,"Professional e-commerce product photo, square 1:1, 4K, ultra-realistic. A golden heart-leaf Philodendron (Philodendron hederaceum 'Lemon Lime') with bright golden-green heart leaves, trailing, planted in a glossy round ceramic pot that is white on top and matte black at the bottom, standing on a dark wooden tabletop against a dark grey wall with soft warm golden bokeh lights in the background. Soft studio lighting, sharp focus on the plant, healthy fresh leaves, natural colours, whole plant and pot in frame, centred with some empty space around. No text, no logo, no watermark, no people. Show it in a hanging version of the same pot with a thin black rope hanger, vines trailing down."
philodendron-broken-heart-with-hanging-pot.jpg,Philodendron Broken Heart With Hanging Pot,"Professional e-commerce product photo, square 1:1, 4K, ultra-realistic. A Monstera adansonii (Swiss cheese vine) with heart-shaped leaves full of oval holes, planted in a glossy round ceramic pot that is white on top and matte black at the bottom, standing on a dark wooden tabletop against a dark grey wall with soft warm golden bokeh lights in the background. Soft studio lighting, sharp focus on the plant, healthy fresh leaves, natural colours, whole plant and pot in frame, centred with some empty space around. No text, no logo, no watermark, no people. Show it in a hanging version of the same pot with a thin black rope hanger, vines trailing down."
philodendron-micans-plant-with-hanging-pot.jpg,Philodendron Micans Plant With Hanging Pot,"Professional e-commerce product photo, square 1:1, 4K, ultra-realistic. A Philodendron micans with velvety bronze-green heart-shaped leaves trailing, planted in a glossy round ceramic pot that is white on top and matte black at the bottom, standing on a dark wooden tabletop against a dark grey wall with soft warm golden bokeh lights in the background. Soft studio lighting, sharp focus on the plant, healthy fresh leaves, natural colours, whole plant and pot in frame, centred with some empty space around. No text, no logo, no watermark, no people. Show it in a hanging version of the same pot with a thin black rope hanger, vines trailing down."
peperomia-green-creeper-with-hanging-planter.jpg,Peperomia Green Creeper with Hanging Planter,"Professional e-commerce product photo, square 1:1, 4K, ultra-realistic. A creeping Peperomia with small round glossy green leaves spilling over the pot, planted in a glossy round ceramic pot that is white on top and matte black at the bottom, standing on a dark wooden tabletop against a dark grey wall with soft warm golden bokeh lights in the background. Soft studio lighting, sharp focus on the plant, healthy fresh leaves, natural colours, whole plant and pot in frame, centred with some empty space around. No text, no logo, no watermark, no people. Show it in a hanging version of the same pot with a thin black rope hanger, vines trailing down."
money-plant-marble-with-hanging-pot.jpg,Money Plant Marble With Hanging Pot,"Professional e-commerce product photo, square 1:1, 4K, ultra-realistic. A Marble Queen Money Plant (Epipremnum) with heart-shaped leaves heavily marbled white and green, planted in a glossy round ceramic pot that is white on top and matte black at the bottom, standing on a dark wooden tabletop against a dark grey wall with soft warm golden bokeh lights in the background. Soft studio lighting, sharp focus on the plant, healthy fresh leaves, natural colours, whole plant and pot in frame, centred with some empty space around. No text, no logo, no watermark, no people. Show it in a hanging version of the same pot with a thin black rope hanger, vines trailing down."
english-ivy-plant-in-hanging-planter.jpg,English Ivy Plant In Hanging Planter,"Professional e-commerce product photo, square 1:1, 4K, ultra-realistic. An English Ivy (Hedera helix) with pointed lobed leaves trailing down, planted in a glossy round ceramic pot that is white on top and matte black at the bottom, standing on a dark wooden tabletop against a dark grey wall with soft warm golden bokeh lights in the background. Soft studio lighting, sharp focus on the plant, healthy fresh leaves, natural colours, whole plant and pot in frame, centred with some empty space around. No text, no logo, no watermark, no people. Show it in a hanging version of the same pot with a thin black rope hanger, vines trailing down."
turtle-vine.jpg,Turtle Vine,"Professional e-commerce product photo, square 1:1, 4K, ultra-realistic. A Turtle Vine (Callisia repens) with tiny round green leaves forming a dense trailing mat, planted in a glossy round ceramic pot that is white on top and matte black at the bottom, standing on a dark wooden tabletop against a dark grey wall with soft warm golden bokeh lights in the background. Soft studio lighting, sharp focus on the plant, healthy fresh leaves, natural colours, whole plant and pot in frame, centred with some empty space around. No text, no logo, no watermark, no people."
anthurium-red-plant.jpg,Anthurium Red Plant,"Professional e-commerce product photo, square 1:1, 4K, ultra-realistic. An Anthurium andraeanum with glossy heart-shaped red flowers, yellow spadix and shiny green leaves, planted in a glossy round ceramic pot that is white on top and matte black at the bottom, standing on a dark wooden tabletop against a dark grey wall with soft warm golden bokeh lights in the background. Soft studio lighting, sharp focus on the plant, healthy fresh leaves, natural colours, whole plant and pot in frame, centred with some empty space around. No text, no logo, no watermark, no people."
china-doll-plant-xl.jpg,China Doll Plant - XL,"Professional e-commerce product photo, square 1:1, 4K, ultra-realistic. A tall China Doll plant (Radermachera sinica) - a small tree with glossy, finely divided fern-like leaves, planted in a glossy round ceramic pot that is white on top and matte black at the bottom, standing on a dark wooden tabletop against a dark grey wall with soft warm golden bokeh lights in the background. Soft studio lighting, sharp focus on the plant, healthy fresh leaves, natural colours, whole plant and pot in frame, centred with some empty space around. No text, no logo, no watermark, no people. This is a large XL floor plant about 4-5 feet tall in a big floor pot; frame the full height."
areca-palm-plant-xl.jpg,Areca Palm Plant - XL,"Professional e-commerce product photo, square 1:1, 4K, ultra-realistic. An Areca Palm (Dypsis lutescens) with many feathery arching yellow-green fronds on slender stems, planted in a glossy round ceramic pot that is white on top and matte black at the bottom, standing on a dark wooden tabletop against a dark grey wall with soft warm golden bokeh lights in the background. Soft studio lighting, sharp focus on the plant, healthy fresh leaves, natural colours, whole plant and pot in frame, centred with some empty space around. No text, no logo, no watermark, no people. This is a large XL floor plant about 4-5 feet tall in a big floor pot; frame the full height."
monstera-deliciosa-plant-xl.jpg,Monstera Deliciosa Plant - XL,"Professional e-commerce product photo, square 1:1, 4K, ultra-realistic. A lush Monstera deliciosa (Swiss cheese plant) with large glossy split, fenestrated leaves, planted in a glossy round ceramic pot that is white on top and matte black at the bottom, standing on a dark wooden tabletop against a dark grey wall with soft warm golden bokeh lights in the background. Soft studio lighting, sharp focus on the plant, healthy fresh leaves, natural colours, whole plant and pot in frame, centred with some empty space around. No text, no logo, no watermark, no people. This is a large XL floor plant about 4-5 feet tall in a big floor pot; frame the full height."
ficus-bonsai-plant.jpg,Ficus Bonsai Plant,"Professional e-commerce product photo, square 1:1, 4K, ultra-realistic. A Ficus bonsai (Ficus microcarpa) with a thick sculpted trunk, aerial roots and a dense rounded canopy of small glossy leaves, planted in a glossy round ceramic pot that is white on top and matte black at the bottom, standing on a dark wooden tabletop against a dark grey wall with soft warm golden bokeh lights in the background. Soft studio lighting, sharp focus on the plant, healthy fresh leaves, natural colours, whole plant and pot in frame, centred with some empty space around. No text, no logo, no watermark, no people."
money-plant-variegated.jpg,Money Plant Variegated,"Professional e-commerce product photo, square 1:1, 4K, ultra-realistic. A variegated Money Plant (Epipremnum 'Marble Queen') with heart-shaped leaves marbled cream-white and green, trailing vines, planted in a glossy round ceramic pot that is white on top and matte black at the bottom, standing on a dark wooden tabletop against a dark grey wall with soft warm golden bokeh lights in the background. Soft studio lighting, sharp focus on the plant, healthy fresh leaves, natural colours, whole plant and pot in frame, centred with some empty space around. No text, no logo, no watermark, no people."
bamboo-palm-plant.jpg,Bamboo Palm Plant,"Professional e-commerce product photo, square 1:1, 4K, ultra-realistic. A Bamboo Palm (Chamaedorea seifrizii) with slim cane-like stems and graceful dark green fronds, planted in a glossy round ceramic pot that is white on top and matte black at the bottom, standing on a dark wooden tabletop against a dark grey wall with soft warm golden bokeh lights in the background. Soft studio lighting, sharp focus on the plant, healthy fresh leaves, natural colours, whole plant and pot in frame, centred with some empty space around. No text, no logo, no watermark, no people."
monstera-deliciosa-plant.jpg,Monstera Deliciosa Plant,"Professional e-commerce product photo, square 1:1, 4K, ultra-realistic. A lush Monstera deliciosa (Swiss cheese plant) with large glossy split, fenestrated leaves, planted in a glossy round ceramic pot that is white on top and matte black at the bottom, standing on a dark wooden tabletop against a dark grey wall with soft warm golden bokeh lights in the background. Soft studio lighting, sharp focus on the plant, healthy fresh leaves, natural colours, whole plant and pot in frame, centred with some empty space around. No text, no logo, no watermark, no people."
areca-palm-plant.jpg,Areca Palm Plant,"Professional e-commerce product photo, square 1:1, 4K, ultra-realistic. An Areca Palm (Dypsis lutescens) with many feathery arching yellow-green fronds on slender stems, planted in a glossy round ceramic pot that is white on top and matte black at the bottom, standing on a dark wooden tabletop against a dark grey wall with soft warm golden bokeh lights in the background. Soft studio lighting, sharp focus on the plant, healthy fresh leaves, natural colours, whole plant and pot in frame, centred with some empty space around. No text, no logo, no watermark, no people."
fiddle-leaf-fig-plant.jpg,Fiddle Leaf Fig Plant,"Professional e-commerce product photo, square 1:1, 4K, ultra-realistic. A Fiddle Leaf Fig (Ficus lyrata) with large violin-shaped glossy leaves, planted in a glossy round ceramic pot that is white on top and matte black at the bottom, standing on a dark wooden tabletop against a dark grey wall with soft warm golden bokeh lights in the background. Soft studio lighting, sharp focus on the plant, healthy fresh leaves, natural colours, whole plant and pot in frame, centred with some empty space around. No text, no logo, no watermark, no people."
broken-heart-plant.jpg,Broken Heart Plant,"Professional e-commerce product photo, square 1:1, 4K, ultra-realistic. A Monstera adansonii (Swiss cheese vine) with heart-shaped leaves full of oval holes, planted in a glossy round ceramic pot that is white on top and matte black at the bottom, standing on a dark wooden tabletop against a dark grey wall with soft warm golden bokeh lights in the background. Soft studio lighting, sharp focus on the plant, healthy fresh leaves, natural colours, whole plant and pot in frame, centred with some empty space around. No text, no logo, no watermark, no people."
dracaena-dara-singh-xl.jpg,Dracaena Dara Singh - XL,"Professional e-commerce product photo, square 1:1, 4K, ultra-realistic. A tall Dracaena 'Dara Singh' with multiple canes topped by long strappy dark green leaves, planted in a glossy round ceramic pot that is white on top and matte black at the bottom, standing on a dark wooden tabletop against a dark grey wall with soft warm golden bokeh lights in the background. Soft studio lighting, sharp focus on the plant, healthy fresh leaves, natural colours, whole plant and pot in frame, centred with some empty space around. No text, no logo, no watermark, no people. This is a large XL floor plant about 4-5 feet tall in a big floor pot; frame the full height."
bird-of-paradise-plant.jpg,Bird of Paradise Plant,"Professional e-commerce product photo, square 1:1, 4K, ultra-realistic. A Bird of Paradise (Strelitzia nicolai) with large upright banana-like paddle leaves, planted in a glossy round ceramic pot that is white on top and matte black at the bottom, standing on a dark wooden tabletop against a dark grey wall with soft warm golden bokeh lights in the background. Soft studio lighting, sharp focus on the plant, healthy fresh leaves, natural colours, whole plant and pot in frame, centred with some empty space around. No text, no logo, no watermark, no people."
aglaonema-snow-white-plant.jpg,Aglaonema Snow White Plant,"Professional e-commerce product photo, square 1:1, 4K, ultra-realistic. An Aglaonema 'Snow White' with pale silver-white leaves with thin green edges, planted in a glossy round ceramic pot that is white on top and matte black at the bottom, standing on a dark wooden tabletop against a dark grey wall with soft warm golden bokeh lights in the background. Soft studio lighting, sharp focus on the plant, healthy fresh leaves, natural colours, whole plant and pot in frame, centred with some empty space around. No text, no logo, no watermark, no people."
peperomia-green-plant.jpg,Peperomia Green Plant,"Professional e-commerce product photo, square 1:1, 4K, ultra-realistic. A Peperomia obtusifolia with thick round glossy green leaves, planted in a glossy round ceramic pot that is white on top and matte black at the bottom, standing on a dark wooden tabletop against a dark grey wall with soft warm golden bokeh lights in the background. Soft studio lighting, sharp focus on the plant, healthy fresh leaves, natural colours, whole plant and pot in frame, centred with some empty space around. No text, no logo, no watermark, no people."
croton-petra.jpg,Croton Petra,"Professional e-commerce product photo, square 1:1, 4K, ultra-realistic. A Croton 'Petra' with glossy leaves in bold yellow, orange, red and green, planted in a glossy round ceramic pot that is white on top and matte black at the bottom, standing on a dark wooden tabletop against a dark grey wall with soft warm golden bokeh lights in the background. Soft studio lighting, sharp focus on the plant, healthy fresh leaves, natural colours, whole plant and pot in frame, centred with some empty space around. No text, no logo, no watermark, no people."
peperomia-green-creeper-plant.jpg,Peperomia Green Creeper Plant,"Professional e-commerce product photo, square 1:1, 4K, ultra-realistic. A creeping Peperomia with small round glossy green leaves spilling over the pot, planted in a glossy round ceramic pot that is white on top and matte black at the bottom, standing on a dark wooden tabletop against a dark grey wall with soft warm golden bokeh lights in the background. Soft studio lighting, sharp focus on the plant, healthy fresh leaves, natural colours, whole plant and pot in frame, centred with some empty space around. No text, no logo, no watermark, no people."
rabbit-s-foot-fern-plant.jpg,Rabbit's Foot Fern Plant,"Professional e-commerce product photo, square 1:1, 4K, ultra-realistic. A Rabbit's Foot Fern (Davallia) with lacy fronds and fuzzy creeping rhizomes over the rim, planted in a glossy round ceramic pot that is white on top and matte black at the bottom, standing on a dark wooden tabletop against a dark grey wall with soft warm golden bokeh lights in the background. Soft studio lighting, sharp focus on the plant, healthy fresh leaves, natural colours, whole plant and pot in frame, centred with some empty space around. No text, no logo, no watermark, no people."
cobra-fern-plant.jpg,Cobra Fern Plant,"Professional e-commerce product photo, square 1:1, 4K, ultra-realistic. A Cobra Fern (Nephrolepis 'Cobra') with wavy ruffled upright green fronds, planted in a glossy round ceramic pot that is white on top and matte black at the bottom, standing on a dark wooden tabletop against a dark grey wall with soft warm golden bokeh lights in the background. Soft studio lighting, sharp focus on the plant, healthy fresh leaves, natural colours, whole plant and pot in frame, centred with some empty space around. No text, no logo, no watermark, no people."
syngonium-white-butterfly-plant.jpg,Syngonium White Butterfly Plant,"Professional e-commerce product photo, square 1:1, 4K, ultra-realistic. A Syngonium 'White Butterfly' with arrow-shaped pale green-white leaves, planted in a glossy round ceramic pot that is white on top and matte black at the bottom, standing on a dark wooden tabletop against a dark grey wall with soft warm golden bokeh lights in the background. Soft studio lighting, sharp focus on the plant, healthy fresh leaves, natural colours, whole plant and pot in frame, centred with some empty space around. No text, no logo, no watermark, no people."
philodendron-oxycardium-green-plant.jpg,Philodendron Oxycardium Green Plant,"Professional e-commerce product photo, square 1:1, 4K, ultra-realistic. A heart-leaf Philodendron (Philodendron hederaceum) with glossy green heart-shaped leaves, trailing, planted in a glossy round ceramic pot that is white on top and matte black at the bottom, standing on a dark wooden tabletop against a dark grey wall with soft warm golden bokeh lights in the background. Soft studio lighting, sharp focus on the plant, healthy fresh leaves, natural colours, whole plant and pot in frame, centred with some empty space around. No text, no logo, no watermark, no people."
money-plant-marble.jpg,Money Plant Marble,"Professional e-commerce product photo, square 1:1, 4K, ultra-realistic. A Marble Queen Money Plant (Epipremnum) with heart-shaped leaves heavily marbled white and green, planted in a glossy round ceramic pot that is white on top and matte black at the bottom, standing on a dark wooden tabletop against a dark grey wall with soft warm golden bokeh lights in the background. Soft studio lighting, sharp focus on the plant, healthy fresh leaves, natural colours, whole plant and pot in frame, centred with some empty space around. No text, no logo, no watermark, no people."
philodendron-oxycardium-golden-plant.jpg,Philodendron Oxycardium Golden Plant,"Professional e-commerce product photo, square 1:1, 4K, ultra-realistic. A golden heart-leaf Philodendron (Philodendron hederaceum 'Lemon Lime') with bright golden-green heart leaves, trailing, planted in a glossy round ceramic pot that is white on top and matte black at the bottom, standing on a dark wooden tabletop against a dark grey wall with soft warm golden bokeh lights in the background. Soft studio lighting, sharp focus on the plant, healthy fresh leaves, natural colours, whole plant and pot in frame, centred with some empty space around. No text, no logo, no watermark, no people."
lemon-grass.jpg,Lemon Grass,"Professional e-commerce product photo, square 1:1, 4K, ultra-realistic. A clump of Lemon grass with long thin arching green blades, planted in a glossy round ceramic pot that is white on top and matte black at the bottom, standing on a dark wooden tabletop against a dark grey wall with soft warm golden bokeh lights in the background. Soft studio lighting, sharp focus on the plant, healthy fresh leaves, natural colours, whole plant and pot in frame, centred with some empty space around. No text, no logo, no watermark, no people."
indian-christmas-tree.jpg,Indian Christmas Tree,"Professional e-commerce product photo, square 1:1, 4K, ultra-realistic. An Indian Christmas Tree (Araucaria heterophylla, Norfolk pine) with tiered soft needle branches, planted in a glossy round ceramic pot that is white on top and matte black at the bottom, standing on a dark wooden tabletop against a dark grey wall with soft warm golden bokeh lights in the background. Soft studio lighting, sharp focus on the plant, healthy fresh leaves, natural colours, whole plant and pot in frame, centred with some empty space around. No text, no logo, no watermark, no people."
ficus-lyrata-bambino-xl.jpg,Ficus Lyrata Bambino - XL,"Professional e-commerce product photo, square 1:1, 4K, ultra-realistic. A tall Fiddle Leaf Fig 'Bambino' (Ficus lyrata) tree with violin-shaped glossy leaves, planted in a glossy round ceramic pot that is white on top and matte black at the bottom, standing on a dark wooden tabletop against a dark grey wall with soft warm golden bokeh lights in the background. Soft studio lighting, sharp focus on the plant, healthy fresh leaves, natural colours, whole plant and pot in frame, centred with some empty space around. No text, no logo, no watermark, no people. This is a large XL floor plant about 4-5 feet tall in a big floor pot; frame the full height."
bird-of-paradise-plant-xl.jpg,Bird of Paradise Plant - XL,"Professional e-commerce product photo, square 1:1, 4K, ultra-realistic. A Bird of Paradise (Strelitzia nicolai) with large upright banana-like paddle leaves, planted in a glossy round ceramic pot that is white on top and matte black at the bottom, standing on a dark wooden tabletop against a dark grey wall with soft warm golden bokeh lights in the background. Soft studio lighting, sharp focus on the plant, healthy fresh leaves, natural colours, whole plant and pot in frame, centred with some empty space around. No text, no logo, no watermark, no people. This is a large XL floor plant about 4-5 feet tall in a big floor pot; frame the full height."
netted-ficus-tree.jpg,Netted Ficus Tree,"Professional e-commerce product photo, square 1:1, 4K, ultra-realistic. A Ficus microcarpa tree with a woven netted trunk and a dense rounded canopy, planted in a glossy round ceramic pot that is white on top and matte black at the bottom, standing on a dark wooden tabletop against a dark grey wall with soft warm golden bokeh lights in the background. Soft studio lighting, sharp focus on the plant, healthy fresh leaves, natural colours, whole plant and pot in frame, centred with some empty space around. No text, no logo, no watermark, no people. This is a large XL floor plant about 4-5 feet tall in a big floor pot; frame the full height."
philodendron-ceylon-golden-plant.jpg,Philodendron Ceylon Golden Plant,"Professional e-commerce product photo, square 1:1, 4K, ultra-realistic. A Philodendron 'Ceylon Golden' with bright golden-yellow heart-shaped leaves, planted in a glossy round ceramic pot that is white on top and matte black at the bottom, standing on a dark wooden tabletop against a dark grey wall with soft warm golden bokeh lights in the background. Soft studio lighting, sharp focus on the plant, healthy fresh leaves, natural colours, whole plant and pot in frame, centred with some empty space around. No text, no logo, no watermark, no people."
money-tree.jpg,Money Tree,"Professional e-commerce product photo, square 1:1, 4K, ultra-realistic. A Money Tree (Pachira aquatica) with a braided trunk and glossy hand-shaped green leaves, planted in a glossy round ceramic pot that is white on top and matte black at the bottom, standing on a dark wooden tabletop against a dark grey wall with soft warm golden bokeh lights in the background. Soft studio lighting, sharp focus on the plant, healthy fresh leaves, natural colours, whole plant and pot in frame, centred with some empty space around. No text, no logo, no watermark, no people."
ficus-netted-microcarpa.jpg,Ficus Netted Microcarpa,"Professional e-commerce product photo, square 1:1, 4K, ultra-realistic. A Ficus microcarpa tree with a woven netted trunk and a dense rounded canopy of small glossy leaves, planted in a glossy round ceramic pot that is white on top and matte black at the bottom, standing on a dark wooden tabletop against a dark grey wall with soft warm golden bokeh lights in the background. Soft studio lighting, sharp focus on the plant, healthy fresh leaves, natural colours, whole plant and pot in frame, centred with some empty space around. No text, no logo, no watermark, no people. This is a large XL floor plant about 4-5 feet tall in a big floor pot; frame the full height."
anthurium-livium-plant.jpg,Anthurium Livium Plant,"Professional e-commerce product photo, square 1:1, 4K, ultra-realistic. An Anthurium Livium with glossy pink-red heart-shaped flowers and large green leaves, planted in a glossy round ceramic pot that is white on top and matte black at the bottom, standing on a dark wooden tabletop against a dark grey wall with soft warm golden bokeh lights in the background. Soft studio lighting, sharp focus on the plant, healthy fresh leaves, natural colours, whole plant and pot in frame, centred with some empty space around. No text, no logo, no watermark, no people."
philodendron-black-cardinal.jpg,Philodendron Black Cardinal,"Professional e-commerce product photo, square 1:1, 4K, ultra-realistic. A Philodendron 'Black Cardinal' with large glossy almost-black burgundy leaves, planted in a glossy round ceramic pot that is white on top and matte black at the bottom, standing on a dark wooden tabletop against a dark grey wall with soft warm golden bokeh lights in the background. Soft studio lighting, sharp focus on the plant, healthy fresh leaves, natural colours, whole plant and pot in frame, centred with some empty space around. No text, no logo, no watermark, no people. This is a large XL floor plant about 4-5 feet tall in a big floor pot; frame the full height."
bird-of-paradise-orange-plant-xl.jpg,Bird Of Paradise Orange Plant - XL,"Professional e-commerce product photo, square 1:1, 4K, ultra-realistic. A tall Bird of Paradise (Strelitzia reginae) with large paddle leaves and bright orange-blue crane flowers, planted in a glossy round ceramic pot that is white on top and matte black at the bottom, standing on a dark wooden tabletop against a dark grey wall with soft warm golden bokeh lights in the background. Soft studio lighting, sharp focus on the plant, healthy fresh leaves, natural colours, whole plant and pot in frame, centred with some empty space around. No text, no logo, no watermark, no people. This is a large XL floor plant about 4-5 feet tall in a big floor pot; frame the full height."
dieffenbachia-plant-xl.jpg,Dieffenbachia Plant XL,"Professional e-commerce product photo, square 1:1, 4K, ultra-realistic. A Dieffenbachia (dumb cane) with large cream-and-green patterned leaves, planted in a glossy round ceramic pot that is white on top and matte black at the bottom, standing on a dark wooden tabletop against a dark grey wall with soft warm golden bokeh lights in the background. Soft studio lighting, sharp focus on the plant, healthy fresh leaves, natural colours, whole plant and pot in frame, centred with some empty space around. No text, no logo, no watermark, no people."
monstera-thai-constellation-xl.jpg,Monstera Thai Constellation XL,"Professional e-commerce product photo, square 1:1, 4K, ultra-realistic. A large Monstera deliciosa 'Thai Constellation' with big split leaves speckled with cream-white variegation, planted in a glossy round ceramic pot that is white on top and matte black at the bottom, standing on a dark wooden tabletop against a dark grey wall with soft warm golden bokeh lights in the background. Soft studio lighting, sharp focus on the plant, healthy fresh leaves, natural colours, whole plant and pot in frame, centred with some empty space around. No text, no logo, no watermark, no people. This is a large XL floor plant about 4-5 feet tall in a big floor pot; frame the full height."
croton-petra-xl.jpg,Croton Petra XL,"Professional e-commerce product photo, square 1:1, 4K, ultra-realistic. A Croton 'Petra' with glossy leaves in bold yellow, orange, red and green, planted in a glossy round ceramic pot that is white on top and matte black at the bottom, standing on a dark wooden tabletop against a dark grey wall with soft warm golden bokeh lights in the background. Soft studio lighting, sharp focus on the plant, healthy fresh leaves, natural colours, whole plant and pot in frame, centred with some empty space around. No text, no logo, no watermark, no people."
syngonium-confetti.jpg,Syngonium Confetti,"Professional e-commerce product photo, square 1:1, 4K, ultra-realistic. A Syngonium 'Confetti' with arrow leaves speckled pink and green, planted in a glossy round ceramic pot that is white on top and matte black at the bottom, standing on a dark wooden tabletop against a dark grey wall with soft warm golden bokeh lights in the background. Soft studio lighting, sharp focus on the plant, healthy fresh leaves, natural colours, whole plant and pot in frame, centred with some empty space around. No text, no logo, no watermark, no people."
kalanchoe-plant-yellow.jpg,Kalanchoe Plant - Yellow,"Professional e-commerce product photo, square 1:1, 4K, ultra-realistic. A Kalanchoe with glossy scalloped green leaves and clusters of bright yellow flowers, planted in a glossy round ceramic pot that is white on top and matte black at the bottom, standing on a dark wooden tabletop against a dark grey wall with soft warm golden bokeh lights in the background. Soft studio lighting, sharp focus on the plant, healthy fresh leaves, natural colours, whole plant and pot in frame, centred with some empty space around. No text, no logo, no watermark, no people."
fittonia-green-plant-nerve-plant.jpg,Fittonia Green Plant (Nerve Plant),"Professional e-commerce product photo, square 1:1, 4K, ultra-realistic. A Fittonia (nerve plant) with small green leaves with a crisp white vein network, low and bushy, planted in a glossy round ceramic pot that is white on top and matte black at the bottom, standing on a dark wooden tabletop against a dark grey wall with soft warm golden bokeh lights in the background. Soft studio lighting, sharp focus on the plant, healthy fresh leaves, natural colours, whole plant and pot in frame, centred with some empty space around. No text, no logo, no watermark, no people."
aralia-golden-plant.jpg,Aralia Golden Plant,"Professional e-commerce product photo, square 1:1, 4K, ultra-realistic. A Golden Aralia (Polyscias) with frilly rounded leaves edged in golden yellow, planted in a glossy round ceramic pot that is white on top and matte black at the bottom, standing on a dark wooden tabletop against a dark grey wall with soft warm golden bokeh lights in the background. Soft studio lighting, sharp focus on the plant, healthy fresh leaves, natural colours, whole plant and pot in frame, centred with some empty space around. No text, no logo, no watermark, no people."
syngonium-pink-plant.jpg,Syngonium Pink Plant,"Professional e-commerce product photo, square 1:1, 4K, ultra-realistic. A Syngonium 'Pink' with arrow-shaped soft pink leaves, planted in a glossy round ceramic pot that is white on top and matte black at the bottom, standing on a dark wooden tabletop against a dark grey wall with soft warm golden bokeh lights in the background. Soft studio lighting, sharp focus on the plant, healthy fresh leaves, natural colours, whole plant and pot in frame, centred with some empty space around. No text, no logo, no watermark, no people."
syngonium-pixie-plant.jpg,Syngonium Pixie Plant,"Professional e-commerce product photo, square 1:1, 4K, ultra-realistic. A compact Syngonium 'Pixie' with small arrow-shaped green-and-cream leaves, planted in a glossy round ceramic pot that is white on top and matte black at the bottom, standing on a dark wooden tabletop against a dark grey wall with soft warm golden bokeh lights in the background. Soft studio lighting, sharp focus on the plant, healthy fresh leaves, natural colours, whole plant and pot in frame, centred with some empty space around. No text, no logo, no watermark, no people."
money-plant-n-joy.jpg,Money Plant N Joy,"Professional e-commerce product photo, square 1:1, 4K, ultra-realistic. A Money Plant N'Joy (Epipremnum 'N'Joy') with small heart-shaped leaves with crisp white and green patches, planted in a glossy round ceramic pot that is white on top and matte black at the bottom, standing on a dark wooden tabletop against a dark grey wall with soft warm golden bokeh lights in the background. Soft studio lighting, sharp focus on the plant, healthy fresh leaves, natural colours, whole plant and pot in frame, centred with some empty space around. No text, no logo, no watermark, no people."
fiddle-leaf-fig-plant-bambino.jpg,Fiddle Leaf Fig Plant - Bambino,"Professional e-commerce product photo, square 1:1, 4K, ultra-realistic. A compact Fiddle Leaf Fig 'Bambino' with small violin-shaped glossy leaves, planted in a glossy round ceramic pot that is white on top and matte black at the bottom, standing on a dark wooden tabletop against a dark grey wall with soft warm golden bokeh lights in the background. Soft studio lighting, sharp focus on the plant, healthy fresh leaves, natural colours, whole plant and pot in frame, centred with some empty space around. No text, no logo, no watermark, no people."
philodendron-birkin-plant.jpg,Philodendron Birkin Plant,"Professional e-commerce product photo, square 1:1, 4K, ultra-realistic. A Philodendron 'Birkin' with glossy dark green leaves with thin white pinstripes, planted in a glossy round ceramic pot that is white on top and matte black at the bottom, standing on a dark wooden tabletop against a dark grey wall with soft warm golden bokeh lights in the background. Soft studio lighting, sharp focus on the plant, healthy fresh leaves, natural colours, whole plant and pot in frame, centred with some empty space around. No text, no logo, no watermark, no people."
osaka-bird-nest-fern.jpg,Osaka Bird Nest Fern,"Professional e-commerce product photo, square 1:1, 4K, ultra-realistic. A Bird's Nest Fern 'Osaka' (Asplenium nidus) with wavy bright green strap leaves forming a rosette, planted in a glossy round ceramic pot that is white on top and matte black at the bottom, standing on a dark wooden tabletop against a dark grey wall with soft warm golden bokeh lights in the background. Soft studio lighting, sharp focus on the plant, healthy fresh leaves, natural colours, whole plant and pot in frame, centred with some empty space around. No text, no logo, no watermark, no people."
oxycardium-variegated-plant-with-moss-stick-medium.jpg,Oxycardium Variegated Plant with Moss Stick - Medium,"Professional e-commerce product photo, square 1:1, 4K, ultra-realistic. A variegated heart-leaf Philodendron with cream-and-green heart leaves, planted in a glossy round ceramic pot that is white on top and matte black at the bottom, standing on a dark wooden tabletop against a dark grey wall with soft warm golden bokeh lights in the background. Soft studio lighting, sharp focus on the plant, healthy fresh leaves, natural colours, whole plant and pot in frame, centred with some empty space around. No text, no logo, no watermark, no people. The plant climbs a brown coir moss stick in the centre of the pot."
oxycardium-green-plant-with-moss-stick-medium.jpg,Oxycardium Green Plant with Moss Stick - Medium,"Professional e-commerce product photo, square 1:1, 4K, ultra-realistic. A heart-leaf Philodendron (Philodendron hederaceum) with glossy green heart-shaped leaves, trailing, planted in a glossy round ceramic pot that is white on top and matte black at the bottom, standing on a dark wooden tabletop against a dark grey wall with soft warm golden bokeh lights in the background. Soft studio lighting, sharp focus on the plant, healthy fresh leaves, natural colours, whole plant and pot in frame, centred with some empty space around. No text, no logo, no watermark, no people. The plant climbs a brown coir moss stick in the centre of the pot."
pandanus-plant.jpg,Pandanus Plant,"Professional e-commerce product photo, square 1:1, 4K, ultra-realistic. A Pandanus (screw pine) with long spiky strap leaves striped green and cream, planted in a glossy round ceramic pot that is white on top and matte black at the bottom, standing on a dark wooden tabletop against a dark grey wall with soft warm golden bokeh lights in the background. Soft studio lighting, sharp focus on the plant, healthy fresh leaves, natural colours, whole plant and pot in frame, centred with some empty space around. No text, no logo, no watermark, no people."
aglaonema-queen-plant.jpg,Aglaonema Queen Plant,"Professional e-commerce product photo, square 1:1, 4K, ultra-realistic. An Aglaonema 'Queen' with large silver-green patterned leaves, planted in a glossy round ceramic pot that is white on top and matte black at the bottom, standing on a dark wooden tabletop against a dark grey wall with soft warm golden bokeh lights in the background. Soft studio lighting, sharp focus on the plant, healthy fresh leaves, natural colours, whole plant and pot in frame, centred with some empty space around. No text, no logo, no watermark, no people."
yucca-silver-plant.jpg,Yucca Silver Plant,"Professional e-commerce product photo, square 1:1, 4K, ultra-realistic. A Yucca with a thick cane and a crown of stiff sword-shaped silver-green leaves, planted in a glossy round ceramic pot that is white on top and matte black at the bottom, standing on a dark wooden tabletop against a dark grey wall with soft warm golden bokeh lights in the background. Soft studio lighting, sharp focus on the plant, healthy fresh leaves, natural colours, whole plant and pot in frame, centred with some empty space around. No text, no logo, no watermark, no people."
philodendron-selloum-green-plant.jpg,Philodendron Selloum Green Plant,"Professional e-commerce product photo, square 1:1, 4K, ultra-realistic. A Philodendron selloum (Thaumatophyllum) with large deeply lobed glossy leaves on long stems, planted in a glossy round ceramic pot that is white on top and matte black at the bottom, standing on a dark wooden tabletop against a dark grey wall with soft warm golden bokeh lights in the background. Soft studio lighting, sharp focus on the plant, healthy fresh leaves, natural colours, whole plant and pot in frame, centred with some empty space around. No text, no logo, no watermark, no people."
thuja-plant-xl.jpg,Thuja Plant - XL,"Professional e-commerce product photo, square 1:1, 4K, ultra-realistic. A tall Thuja (arborvitae) conifer with dense cone-shaped feathery green foliage, planted in a glossy round ceramic pot that is white on top and matte black at the bottom, standing on a dark wooden tabletop against a dark grey wall with soft warm golden bokeh lights in the background. Soft studio lighting, sharp focus on the plant, healthy fresh leaves, natural colours, whole plant and pot in frame, centred with some empty space around. No text, no logo, no watermark, no people. This is a large XL floor plant about 4-5 feet tall in a big floor pot; frame the full height."
dieffenbachia-tropic-snow-plant-xl.jpg,Dieffenbachia Tropic Snow Plant - XL,"Professional e-commerce product photo, square 1:1, 4K, ultra-realistic. A Dieffenbachia 'Tropic Snow' with large green leaves splashed cream-white in the centre, planted in a glossy round ceramic pot that is white on top and matte black at the bottom, standing on a dark wooden tabletop against a dark grey wall with soft warm golden bokeh lights in the background. Soft studio lighting, sharp focus on the plant, healthy fresh leaves, natural colours, whole plant and pot in frame, centred with some empty space around. No text, no logo, no watermark, no people. This is a large XL floor plant about 4-5 feet tall in a big floor pot; frame the full height."
dieffenbachia-cheetah-plant-xl.jpg,Dieffenbachia Cheetah Plant - XL,"Professional e-commerce product photo, square 1:1, 4K, ultra-realistic. A Dieffenbachia 'Cheetah' with large leaves spotted cream and green, planted in a glossy round ceramic pot that is white on top and matte black at the bottom, standing on a dark wooden tabletop against a dark grey wall with soft warm golden bokeh lights in the background. Soft studio lighting, sharp focus on the plant, healthy fresh leaves, natural colours, whole plant and pot in frame, centred with some empty space around. No text, no logo, no watermark, no people. This is a large XL floor plant about 4-5 feet tall in a big floor pot; frame the full height."
lotus-bamboo-plant-3-sticks.jpg,Lotus Bamboo Plant 3 sticks,"Professional e-commerce product photo, square 1:1, 4K, ultra-realistic. A Lotus Lucky Bamboo arrangement of 3 curled green bamboo stalks tied with a red ribbon, sitting in pebbles, planted in a glossy round ceramic pot that is white on top and matte black at the bottom, standing on a dark wooden tabletop against a dark grey wall with soft warm golden bokeh lights in the background. Soft studio lighting, sharp focus on the plant, healthy fresh leaves, natural colours, whole plant and pot in frame, centred with some empty space around. No text, no logo, no watermark, no people."
lotus-lucky-bamboo-5-sticks.jpg,Lotus Lucky Bamboo 5 Sticks,"Professional e-commerce product photo, square 1:1, 4K, ultra-realistic. A Lotus Lucky Bamboo arrangement of 5 curled green bamboo stalks tied with a red ribbon, sitting in pebbles, planted in a glossy round ceramic pot that is white on top and matte black at the bottom, standing on a dark wooden tabletop against a dark grey wall with soft warm golden bokeh lights in the background. Soft studio lighting, sharp focus on the plant, healthy fresh leaves, natural colours, whole plant and pot in frame, centred with some empty space around. No text, no logo, no watermark, no people."
money-plant-green.jpg,Money Plant Green,"Professional e-commerce product photo, square 1:1, 4K, ultra-realistic. A green Money Plant (Epipremnum) with solid glossy green heart-shaped leaves on trailing vines, planted in a glossy round ceramic pot that is white on top and matte black at the bottom, standing on a dark wooden tabletop against a dark grey wall with soft warm golden bokeh lights in the background. Soft studio lighting, sharp focus on the plant, healthy fresh leaves, natural colours, whole plant and pot in frame, centred with some empty space around. No text, no logo, no watermark, no people."
philodendron-ceylon-golden-plant-with-moss-stick.jpg,Philodendron Ceylon Golden Plant With Moss Stick,"Professional e-commerce product photo, square 1:1, 4K, ultra-realistic. A Philodendron 'Ceylon Golden' with bright golden-yellow heart-shaped leaves, planted in a glossy round ceramic pot that is white on top and matte black at the bottom, standing on a dark wooden tabletop against a dark grey wall with soft warm golden bokeh lights in the background. Soft studio lighting, sharp focus on the plant, healthy fresh leaves, natural colours, whole plant and pot in frame, centred with some empty space around. No text, no logo, no watermark, no people. The plant climbs a brown coir moss stick in the centre of the pot."
oxycardium-golden-plant-with-moss-stick-medium.jpg,Oxycardium Golden Plant with Moss Stick - Medium,"Professional e-commerce product photo, square 1:1, 4K, ultra-realistic. A golden heart-leaf Philodendron (Philodendron hederaceum 'Lemon Lime') with bright golden-green heart leaves, trailing, planted in a glossy round ceramic pot that is white on top and matte black at the bottom, standing on a dark wooden tabletop against a dark grey wall with soft warm golden bokeh lights in the background. Soft studio lighting, sharp focus on the plant, healthy fresh leaves, natural colours, whole plant and pot in frame, centred with some empty space around. No text, no logo, no watermark, no people. The plant climbs a brown coir moss stick in the centre of the pot."
philodendron-oxycardium-golden-plant-with-moss-stick.jpg,Philodendron Oxycardium Golden Plant with Moss Stick,"Professional e-commerce product photo, square 1:1, 4K, ultra-realistic. A golden heart-leaf Philodendron (Philodendron hederaceum 'Lemon Lime') with bright golden-green heart leaves, trailing, planted in a glossy round ceramic pot that is white on top and matte black at the bottom, standing on a dark wooden tabletop against a dark grey wall with soft warm golden bokeh lights in the background. Soft studio lighting, sharp focus on the plant, healthy fresh leaves, natural colours, whole plant and pot in frame, centred with some empty space around. No text, no logo, no watermark, no people. The plant climbs a brown coir moss stick in the centre of the pot."
money-plant-variegated-with-moss-stick.jpg,Money Plant Variegated with Moss Stick,"Professional e-commerce product photo, square 1:1, 4K, ultra-realistic. A variegated Money Plant (Epipremnum 'Marble Queen') with heart-shaped leaves marbled cream-white and green, trailing vines, planted in a glossy round ceramic pot that is white on top and matte black at the bottom, standing on a dark wooden tabletop against a dark grey wall with soft warm golden bokeh lights in the background. Soft studio lighting, sharp focus on the plant, healthy fresh leaves, natural colours, whole plant and pot in frame, centred with some empty space around. No text, no logo, no watermark, no people. The plant climbs a brown coir moss stick in the centre of the pot."
aglaonema-manila-beauty-large.jpg,Aglaonema Manila Beauty - Large,"Professional e-commerce product photo, square 1:1, 4K, ultra-realistic. A large bushy Aglaonema Manila Beauty with broad leaves in pink, cream and green patterns, planted in a glossy round ceramic pot that is white on top and matte black at the bottom, standing on a dark wooden tabletop against a dark grey wall with soft warm golden bokeh lights in the background. Soft studio lighting, sharp focus on the plant, healthy fresh leaves, natural colours, whole plant and pot in frame, centred with some empty space around. No text, no logo, no watermark, no people."
aglaonema-manila-beauty-xl.jpg,Aglaonema Manila Beauty - XL,"Professional e-commerce product photo, square 1:1, 4K, ultra-realistic. A very large, full Aglaonema Manila Beauty with broad leaves in pink, cream and green patterns, planted in a glossy round ceramic pot that is white on top and matte black at the bottom, tall floor-standing size about 4 to 5 feet, standing on a dark wooden floor against a dark grey wall with soft warm golden bokeh lights in the background. Soft studio lighting, sharp focus on the plant, healthy fresh leaves, natural colours, whole plant and pot in frame, centred with some empty space around. No text, no logo, no watermark, no people."
calathea-freddie-medium.jpg,Calathea Freddie - Medium,"Professional e-commerce product photo, square 1:1, 4K, ultra-realistic. A medium Calathea Freddie (Calathea concinna) with long light-green leaves marked with dark green feather-like stripes, planted in a glossy round ceramic pot that is white on top and matte black at the bottom, standing on a dark wooden tabletop against a dark grey wall with soft warm golden bokeh lights in the background. Soft studio lighting, sharp focus on the plant, healthy fresh leaves, natural colours, whole plant and pot in frame, centred with some empty space around. No text, no logo, no watermark, no people."
aglaonema-butterfly-plant-xl.jpg,Aglaonema Butterfly Plant - XL,"Professional e-commerce product photo, square 1:1, 4K, ultra-realistic. A very large, full Aglaonema Butterfly with green leaves splashed with silver-white patches, planted in a glossy round ceramic pot that is white on top and matte black at the bottom, tall floor-standing size about 4 to 5 feet, standing on a dark wooden floor against a dark grey wall with soft warm golden bokeh lights in the background. Soft studio lighting, sharp focus on the plant, healthy fresh leaves, natural colours, whole plant and pot in frame, centred with some empty space around. No text, no logo, no watermark, no people."
aglaonema-ice-plant-xl.jpg,Aglaonema Ice Plant - XL,"Professional e-commerce product photo, square 1:1, 4K, ultra-realistic. A very large, full Aglaonema Ice with pale silvery-white leaves edged in dark green, planted in a glossy round ceramic pot that is white on top and matte black at the bottom, tall floor-standing size about 4 to 5 feet, standing on a dark wooden floor against a dark grey wall with soft warm golden bokeh lights in the background. Soft studio lighting, sharp focus on the plant, healthy fresh leaves, natural colours, whole plant and pot in frame, centred with some empty space around. No text, no logo, no watermark, no people."
aglaonema-dove-plant-xl.jpg,Aglaonema Dove Plant - XL,"Professional e-commerce product photo, square 1:1, 4K, ultra-realistic. A very large, full Aglaonema Dove with soft grey-green and silver patterned leaves, planted in a glossy round ceramic pot that is white on top and matte black at the bottom, tall floor-standing size about 4 to 5 feet, standing on a dark wooden floor against a dark grey wall with soft warm golden bokeh lights in the background. Soft studio lighting, sharp focus on the plant, healthy fresh leaves, natural colours, whole plant and pot in frame, centred with some empty space around. No text, no logo, no watermark, no people."
aglaonema-butterfly-plant-large.jpg,Aglaonema Butterfly Plant - Large,"Professional e-commerce product photo, square 1:1, 4K, ultra-realistic. A large bushy Aglaonema Butterfly with green leaves splashed with silver-white patches, planted in a glossy round ceramic pot that is white on top and matte black at the bottom, standing on a dark wooden tabletop against a dark grey wall with soft warm golden bokeh lights in the background. Soft studio lighting, sharp focus on the plant, healthy fresh leaves, natural colours, whole plant and pot in frame, centred with some empty space around. No text, no logo, no watermark, no people."
aglaonema-evergreen-plant-large.jpg,Aglaonema Evergreen Plant - Large,"Professional e-commerce product photo, square 1:1, 4K, ultra-realistic. A large bushy Chinese Evergreen (Aglaonema) with long dark green leaves with light silver-green markings, planted in a glossy round ceramic pot that is white on top and matte black at the bottom, standing on a dark wooden tabletop against a dark grey wall with soft warm golden bokeh lights in the background. Soft studio lighting, sharp focus on the plant, healthy fresh leaves, natural colours, whole plant and pot in frame, centred with some empty space around. No text, no logo, no watermark, no people."
peperomia-variegated-plant.jpg,Peperomia Variegated Plant,"Professional e-commerce product photo, square 1:1, 4K, ultra-realistic. A compact Variegated Peperomia (Peperomia obtusifolia variegata) with thick round glossy leaves in green and creamy yellow, planted in a glossy round ceramic pot that is white on top and matte black at the bottom, standing on a dark wooden tabletop against a dark grey wall with soft warm golden bokeh lights in the background. Soft studio lighting, sharp focus on the plant, healthy fresh leaves, natural colours, whole plant and pot in frame, centred with some empty space around. No text, no logo, no watermark, no people."
aglaonema-stripes-plant-xl.jpg,Aglaonema Stripes Plant - XL,"Professional e-commerce product photo, square 1:1, 4K, ultra-realistic. A very large, full Aglaonema Stripes with long narrow dark green leaves with fine silver stripes, planted in a glossy round ceramic pot that is white on top and matte black at the bottom, tall floor-standing size about 4 to 5 feet, standing on a dark wooden floor against a dark grey wall with soft warm golden bokeh lights in the background. Soft studio lighting, sharp focus on the plant, healthy fresh leaves, natural colours, whole plant and pot in frame, centred with some empty space around. No text, no logo, no watermark, no people."
sansevieria-laurentii-plant-xl.jpg,Sansevieria Laurentii Plant - XL,"Professional e-commerce product photo, square 1:1, 4K, ultra-realistic. A very tall Snake Plant Laurentii (Sansevieria trifasciata Laurentii) with upright sword-shaped dark green leaves banded in grey-green and edged in bright yellow, planted in a glossy round ceramic pot that is white on top and matte black at the bottom, tall floor-standing size about 4 to 5 feet, standing on a dark wooden floor against a dark grey wall with soft warm golden bokeh lights in the background. Soft studio lighting, sharp focus on the plant, healthy fresh leaves, natural colours, whole plant and pot in frame, centred with some empty space around. No text, no logo, no watermark, no people."
sansevieria-zeylanica-xl.jpg,Sansevieria Zeylanica - XL,"Professional e-commerce product photo, square 1:1, 4K, ultra-realistic. A very tall Snake Plant Zeylanica (Sansevieria zeylanica) with upright sword-shaped dark green leaves with light grey-green wavy bands, no yellow edges, planted in a glossy round ceramic pot that is white on top and matte black at the bottom, tall floor-standing size about 4 to 5 feet, standing on a dark wooden floor against a dark grey wall with soft warm golden bokeh lights in the background. Soft studio lighting, sharp focus on the plant, healthy fresh leaves, natural colours, whole plant and pot in frame, centred with some empty space around. No text, no logo, no watermark, no people."
trailing-jade-weeping-jade-with-hanging-pot.jpg,Trailing Jade (Weeping Jade) With Hanging Pot,"Professional e-commerce product photo, square 1:1, 4K, ultra-realistic. A Trailing Jade (Senecio jacobsenii) with thick, fleshy, oval green leaves on long trailing stems spilling over the rim, planted in a glossy round ceramic hanging pot that is white on top and matte black at the bottom, hung with thin black cords, hanging above a dark wooden tabletop against a dark grey wall with soft warm golden bokeh lights in the background. Soft studio lighting, sharp focus on the plant, healthy fresh leaves, natural colours, whole plant and pot in frame, centred with some empty space around. No text, no logo, no watermark, no people."
dieffenbachia-tropic-snow-plant-large.jpg,Dieffenbachia Tropic Snow Plant - Large,"Professional e-commerce product photo, square 1:1, 4K, ultra-realistic. A large Dieffenbachia Tropic Snow with big broad leaves in cream-white centres and dark green edges, planted in a glossy round ceramic pot that is white on top and matte black at the bottom, standing on a dark wooden tabletop against a dark grey wall with soft warm golden bokeh lights in the background. Soft studio lighting, sharp focus on the plant, healthy fresh leaves, natural colours, whole plant and pot in frame, centred with some empty space around. No text, no logo, no watermark, no people."
mango-guava-chiku-combo-of-3-fruit-plants-with-grow-bag.jpg,"Mango, Guava, Chiku - Combo of 3 Fruit Plants with Grow Bag","Professional e-commerce product photo, square 1:1, 4K, ultra-realistic. A set of 3 young grafted fruit plants: a Mango plant with long dark green leaves, a Guava plant with oval light green leaves and a small green guava, and a Chiku (Sapota) plant with glossy oval leaves, each planted in a black HDPE nursery grow bag, about 2 to 3 feet tall, arranged neatly side by side in one row on a dark wooden floor against a dark grey wall with soft warm golden bokeh lights in the background. Soft studio lighting, every plant sharp and fully visible, healthy fresh leaves, natural colours, all grow bags fully in frame, centred with some empty space around. No text, no logo, no watermark, no people."
pomegranate-plant-with-grow-bag.jpg,Pomegranate Plant with Grow Bag,"Professional e-commerce product photo, square 1:1, 4K, ultra-realistic. A young grafted Pomegranate plant with small narrow glossy green leaves, a few red-orange flowers and one small red pomegranate fruit, planted in a black HDPE nursery grow bag, about 2 to 3 feet tall, standing on a dark wooden floor against a dark grey wall with soft warm golden bokeh lights in the background. Soft studio lighting, sharp focus on the plant, healthy fresh leaves, natural colours, whole plant and bag in frame, centred with some empty space around. No text, no logo, no watermark, no people."
sapota-plant-chiku.jpg,Sapota Plant (Chiku),"Professional e-commerce product photo, square 1:1, 4K, ultra-realistic. A young grafted Sapota (Chiku) plant with glossy dark green oval leaves clustered at the branch tips and two small brown chiku fruits, planted in a black HDPE nursery grow bag, about 2 to 3 feet tall, standing on a dark wooden floor against a dark grey wall with soft warm golden bokeh lights in the background. Soft studio lighting, sharp focus on the plant, healthy fresh leaves, natural colours, whole plant and bag in frame, centred with some empty space around. No text, no logo, no watermark, no people."
kesar-mango-plant.jpg,Kesar Mango Plant,"Professional e-commerce product photo, square 1:1, 4K, ultra-realistic. A young grafted Kesar Mango plant with long dark green leaves, fresh reddish-bronze new leaves at the top and one small green-yellow mango, planted in a black HDPE nursery grow bag, about 2 to 3 feet tall, standing on a dark wooden floor against a dark grey wall with soft warm golden bokeh lights in the background. Soft studio lighting, sharp focus on the plant, healthy fresh leaves, natural colours, whole plant and bag in frame, centred with some empty space around. No text, no logo, no watermark, no people."
guava-plant-with-grow-bag.jpg,Guava Plant with Grow Bag,"Professional e-commerce product photo, square 1:1, 4K, ultra-realistic. A young grafted Guava plant with oval light green veined leaves and two small green guavas, planted in a black HDPE nursery grow bag, about 2 to 3 feet tall, standing on a dark wooden floor against a dark grey wall with soft warm golden bokeh lights in the background. Soft studio lighting, sharp focus on the plant, healthy fresh leaves, natural colours, whole plant and bag in frame, centred with some empty space around. No text, no logo, no watermark, no people."
mango-and-guava-fruit-plant-combo-with-grow-bag.jpg,Mango and Guava Fruit Plant Combo with Grow Bag,"Professional e-commerce product photo, square 1:1, 4K, ultra-realistic. A set of 2 young grafted fruit plants: a Mango plant with long dark green leaves and a Guava plant with oval light green leaves and a small green guava, each planted in a black HDPE nursery grow bag, about 2 to 3 feet tall, arranged neatly side by side in one row on a dark wooden floor against a dark grey wall with soft warm golden bokeh lights in the background. Soft studio lighting, every plant sharp and fully visible, healthy fresh leaves, natural colours, all grow bags fully in frame, centred with some empty space around. No text, no logo, no watermark, no people."
chiku-and-pomegranate-fruit-plant-combo-with-grow-bag.jpg,Chiku and Pomegranate Fruit Plant Combo with Grow Bag,"Professional e-commerce product photo, square 1:1, 4K, ultra-realistic. A set of 2 young grafted fruit plants: a Chiku (Sapota) plant with glossy oval leaves and a Pomegranate plant with small narrow leaves and red-orange flowers, each planted in a black HDPE nursery grow bag, about 2 to 3 feet tall, arranged neatly side by side in one row on a dark wooden floor against a dark grey wall with soft warm golden bokeh lights in the background. Soft studio lighting, every plant sharp and fully visible, healthy fresh leaves, natural colours, all grow bags fully in frame, centred with some empty space around. No text, no logo, no watermark, no people."
chiku-plant-with-grow-bag.jpg,Chiku Plant with Grow Bag,"Professional e-commerce product photo, square 1:1, 4K, ultra-realistic. A young grafted Chiku (Sapota) plant with glossy dark green oval leaves and one small brown chiku fruit, planted in a black HDPE nursery grow bag, about 2 to 3 feet tall, standing on a dark wooden floor against a dark grey wall with soft warm golden bokeh lights in the background. Soft studio lighting, sharp focus on the plant, healthy fresh leaves, natural colours, whole plant and bag in frame, centred with some empty space around. No text, no logo, no watermark, no people."
mango-plant-with-grow-bag.jpg,Mango Plant with Grow Bag,"Professional e-commerce product photo, square 1:1, 4K, ultra-realistic. A young grafted Mango plant with long glossy dark green leaves and fresh reddish new leaves at the top, planted in a black HDPE nursery grow bag, about 2 to 3 feet tall, standing on a dark wooden floor against a dark grey wall with soft warm golden bokeh lights in the background. Soft studio lighting, sharp focus on the plant, healthy fresh leaves, natural colours, whole plant and bag in frame, centred with some empty space around. No text, no logo, no watermark, no people."
lemon-plant-with-grow-bag.jpg,Lemon Plant with Grow Bag,"Professional e-commerce product photo, square 1:1, 4K, ultra-realistic. A young grafted Lemon plant with glossy green leaves, small white flowers and two small green-yellow lemons, planted in a black HDPE nursery grow bag, about 2 to 3 feet tall, standing on a dark wooden floor against a dark grey wall with soft warm golden bokeh lights in the background. Soft studio lighting, sharp focus on the plant, healthy fresh leaves, natural colours, whole plant and bag in frame, centred with some empty space around. No text, no logo, no watermark, no people."
pomegranate-and-lemon-plant-combo-with-grow-bag.jpg,Pomegranate and Lemon Plant Combo with Grow Bag,"Professional e-commerce product photo, square 1:1, 4K, ultra-realistic. A set of 2 young grafted fruit plants: a Pomegranate plant with small narrow leaves and red-orange flowers and a Lemon plant with glossy leaves and small yellow lemons, each planted in a black HDPE nursery grow bag, about 2 to 3 feet tall, arranged neatly side by side in one row on a dark wooden floor against a dark grey wall with soft warm golden bokeh lights in the background. Soft studio lighting, every plant sharp and fully visible, healthy fresh leaves, natural colours, all grow bags fully in frame, centred with some empty space around. No text, no logo, no watermark, no people."
pomegranate-lemon-guava-combo-of-3-fruit-plants-with-grow-bag.jpg,"Pomegranate, Lemon, Guava - Combo of 3 Fruit Plants with Grow Bag","Professional e-commerce product photo, square 1:1, 4K, ultra-realistic. A set of 3 young grafted fruit plants: a Pomegranate plant with red-orange flowers, a Lemon plant with small yellow lemons and a Guava plant with oval light green leaves, each planted in a black HDPE nursery grow bag, about 2 to 3 feet tall, arranged neatly side by side in one row on a dark wooden floor against a dark grey wall with soft warm golden bokeh lights in the background. Soft studio lighting, every plant sharp and fully visible, healthy fresh leaves, natural colours, all grow bags fully in frame, centred with some empty space around. No text, no logo, no watermark, no people."
set-of-6-easy-care-indoor-plants.jpg,Set of 6 Easy Care Indoor Plants,"Professional e-commerce product photo, square 1:1, 4K, ultra-realistic. A set of 6 indoor plants: a Snake Plant, a ZZ Plant, a Golden Money Plant, a Peace Lily, a Spider Plant and a Jade Plant, each planted in its own glossy round ceramic pot that is white on top and matte black at the bottom, arranged neatly side by side in one row on a dark wooden tabletop against a dark grey wall with soft warm golden bokeh lights in the background. Soft studio lighting, every plant sharp and fully visible, healthy fresh leaves, natural colours, all pots fully in frame, centred with some empty space around. No text, no logo, no watermark, no people."
monsoon-special-set-of-4-indoor-plants.jpg,Monsoon Special - Set of 4 Indoor Plants,"Professional e-commerce product photo, square 1:1, 4K, ultra-realistic. A set of 4 indoor plants: a Syngonium Pink, a Peperomia Green, a Money Plant N'Joy and a Fittonia Nerve Plant, each planted in its own glossy round ceramic pot that is white on top and matte black at the bottom, arranged neatly side by side in one row on a dark wooden tabletop against a dark grey wall with soft warm golden bokeh lights in the background. Soft studio lighting, every plant sharp and fully visible, healthy fresh leaves, natural colours, all pots fully in frame, centred with some empty space around. No text, no logo, no watermark, no people."
hardy-evergreen-plants-combo.jpg,Hardy Evergreen Plants Combo,"Professional e-commerce product photo, square 1:1, 4K, ultra-realistic. A set of 4 indoor plants: a Snake Plant, a ZZ Plant, an Aglaonema Evergreen and a Rubber Plant, each planted in its own glossy round ceramic pot that is white on top and matte black at the bottom, arranged neatly side by side in one row on a dark wooden tabletop against a dark grey wall with soft warm golden bokeh lights in the background. Soft studio lighting, every plant sharp and fully visible, healthy fresh leaves, natural colours, all pots fully in frame, centred with some empty space around. No text, no logo, no watermark, no people."
set-of-4-aesthetic-indoor-plants.jpg,Set of 4 Aesthetic Indoor Plants,"Professional e-commerce product photo, square 1:1, 4K, ultra-realistic. A set of 4 indoor plants: a small Monstera Deliciosa, a Calathea Pinstripe, a Philodendron Birkin and a Peace Lily, each planted in its own glossy round ceramic pot that is white on top and matte black at the bottom, arranged neatly side by side in one row on a dark wooden tabletop against a dark grey wall with soft warm golden bokeh lights in the background. Soft studio lighting, every plant sharp and fully visible, healthy fresh leaves, natural colours, all pots fully in frame, centred with some empty space around. No text, no logo, no watermark, no people."
minimal-desk-plants-set-of-4.jpg,Minimal Desk Plants - Set of 4,"Professional e-commerce product photo, square 1:1, 4K, ultra-realistic. A set of 4 indoor plants: small desk-size plants: a mini Snake Plant Hahnii, a mini Jade, a Haworthia succulent and a small Peperomia, each planted in its own glossy round ceramic pot that is white on top and matte black at the bottom, arranged neatly side by side in one row on a dark wooden tabletop against a dark grey wall with soft warm golden bokeh lights in the background. Soft studio lighting, every plant sharp and fully visible, healthy fresh leaves, natural colours, all pots fully in frame, centred with some empty space around. No text, no logo, no watermark, no people."
compact-air-purifying-plants-set-of-4.jpg,Compact Air Purifying Plants - Set of 4,"Professional e-commerce product photo, square 1:1, 4K, ultra-realistic. A set of 4 indoor plants: small plants: a Snake Plant, a Spider Plant, a Golden Money Plant and a Peace Lily, each planted in its own glossy round ceramic pot that is white on top and matte black at the bottom, arranged neatly side by side in one row on a dark wooden tabletop against a dark grey wall with soft warm golden bokeh lights in the background. Soft studio lighting, every plant sharp and fully visible, healthy fresh leaves, natural colours, all pots fully in frame, centred with some empty space around. No text, no logo, no watermark, no people."
home-decor-plants-set-of-4.jpg,Home Decor Plants - Set of 4,"Professional e-commerce product photo, square 1:1, 4K, ultra-realistic. A set of 4 indoor plants: a Rubber Plant, an Aglaonema Red, a Philodendron Congo and a Croton Petra, each planted in its own glossy round ceramic pot that is white on top and matte black at the bottom, arranged neatly side by side in one row on a dark wooden tabletop against a dark grey wall with soft warm golden bokeh lights in the background. Soft studio lighting, every plant sharp and fully visible, healthy fresh leaves, natural colours, all pots fully in frame, centred with some empty space around. No text, no logo, no watermark, no people."
variegated-tropical-greens-combo.jpg,Variegated & Tropical Greens Combo,"Professional e-commerce product photo, square 1:1, 4K, ultra-realistic. A set of 4 indoor plants: a Variegated Money Plant, a Dieffenbachia Tropic Snow, a Syngonium White Butterfly and an Aglaonema Snow White, each planted in its own glossy round ceramic pot that is white on top and matte black at the bottom, arranged neatly side by side in one row on a dark wooden tabletop against a dark grey wall with soft warm golden bokeh lights in the background. Soft studio lighting, every plant sharp and fully visible, healthy fresh leaves, natural colours, all pots fully in frame, centred with some empty space around. No text, no logo, no watermark, no people."
low-maintenance-plants-combo-set-of-4.jpg,Low Maintenance Plants Combo - Set of 4,"Professional e-commerce product photo, square 1:1, 4K, ultra-realistic. A set of 4 indoor plants: a Snake Plant, a ZZ Plant, a Jade Plant and a Golden Money Plant, each planted in its own glossy round ceramic pot that is white on top and matte black at the bottom, arranged neatly side by side in one row on a dark wooden tabletop against a dark grey wall with soft warm golden bokeh lights in the background. Soft studio lighting, every plant sharp and fully visible, healthy fresh leaves, natural colours, all pots fully in frame, centred with some empty space around. No text, no logo, no watermark, no people."
ganpati-decor-plants-small-bundle.jpg,Ganpati Decor Plants - Small Bundle,"Professional e-commerce product photo, square 1:1, 4K, ultra-realistic. A set of 3 indoor plants: a 2-layer Lucky Bamboo in a shallow bowl with pebbles, a Jade Plant and an Anthurium Red with bright red flowers, with a few marigold flowers scattered on the table for a festive look, each planted in its own glossy round ceramic pot that is white on top and matte black at the bottom, arranged neatly side by side in one row on a dark wooden tabletop against a dark grey wall with soft warm golden bokeh lights in the background. Soft studio lighting, every plant sharp and fully visible, healthy fresh leaves, natural colours, all pots fully in frame, centred with some empty space around. No text, no logo, no watermark, no people."
vastu-lucky-plants-combo.jpg,Vastu Lucky Plants Combo,"Professional e-commerce product photo, square 1:1, 4K, ultra-realistic. A set of 4 indoor plants: a 3-layer Lucky Bamboo in a shallow bowl with pebbles, a Jade Plant, a Golden Money Plant and a Snake Plant, each planted in its own glossy round ceramic pot that is white on top and matte black at the bottom, arranged neatly side by side in one row on a dark wooden tabletop against a dark grey wall with soft warm golden bokeh lights in the background. Soft studio lighting, every plant sharp and fully visible, healthy fresh leaves, natural colours, all pots fully in frame, centred with some empty space around. No text, no logo, no watermark, no people."
air-purifying-indoor-plants-combo.jpg,Air Purifying Indoor Plants Combo,"Professional e-commerce product photo, square 1:1, 4K, ultra-realistic. A set of 4 indoor plants: an Areca Palm, a Snake Plant, a Peace Lily and a Spider Plant, each planted in its own glossy round ceramic pot that is white on top and matte black at the bottom, arranged neatly side by side in one row on a dark wooden tabletop against a dark grey wall with soft warm golden bokeh lights in the background. Soft studio lighting, every plant sharp and fully visible, healthy fresh leaves, natural colours, all pots fully in frame, centred with some empty space around. No text, no logo, no watermark, no people."
easy-indoor-plants-set-of-4.jpg,Easy Indoor Plants - Set of 4,"Professional e-commerce product photo, square 1:1, 4K, ultra-realistic. A set of 4 indoor plants: a ZZ Plant, a Golden Money Plant, a Syngonium White Butterfly and a Peperomia Green, each planted in its own glossy round ceramic pot that is white on top and matte black at the bottom, arranged neatly side by side in one row on a dark wooden tabletop against a dark grey wall with soft warm golden bokeh lights in the background. Soft studio lighting, every plant sharp and fully visible, healthy fresh leaves, natural colours, all pots fully in frame, centred with some empty space around. No text, no logo, no watermark, no people."
living-room-plants-bundle.jpg,Living Room Plants Bundle,"Professional e-commerce product photo, square 1:1, 4K, ultra-realistic. A set of 4 indoor plants: a medium Areca Palm, a Rubber Plant, a Monstera Deliciosa and a Peace Lily, each planted in its own glossy round ceramic pot that is white on top and matte black at the bottom, arranged neatly side by side in one row on a dark wooden tabletop against a dark grey wall with soft warm golden bokeh lights in the background. Soft studio lighting, every plant sharp and fully visible, healthy fresh leaves, natural colours, all pots fully in frame, centred with some empty space around. No text, no logo, no watermark, no people."
green-home-combo-set-of-6.jpg,Green Home Combo - Set of 6,"Professional e-commerce product photo, square 1:1, 4K, ultra-realistic. A set of 6 indoor plants: a Snake Plant, a ZZ Plant, a Green Money Plant, a Philodendron Oxycardium, a Peperomia Green and a Spider Plant, each planted in its own glossy round ceramic pot that is white on top and matte black at the bottom, arranged neatly side by side in one row on a dark wooden tabletop against a dark grey wall with soft warm golden bokeh lights in the background. Soft studio lighting, every plant sharp and fully visible, healthy fresh leaves, natural colours, all pots fully in frame, centred with some empty space around. No text, no logo, no watermark, no people."
stylish-office-desk-plants-set-of-4.jpg,Stylish Office Desk Plants - Set of 4,"Professional e-commerce product photo, square 1:1, 4K, ultra-realistic. A set of 4 indoor plants: small desk-size plants: a ZZ Plant, a Snake Plant Golden Hahnii, a Calathea and an Aglaonema Pink Beauty, each planted in its own glossy round ceramic pot that is white on top and matte black at the bottom, arranged neatly side by side in one row on a dark wooden tabletop against a dark grey wall with soft warm golden bokeh lights in the background. Soft studio lighting, every plant sharp and fully visible, healthy fresh leaves, natural colours, all pots fully in frame, centred with some empty space around. No text, no logo, no watermark, no people."
living-room-plants-set-of-5.jpg,Living Room Plants - Set of 5,"Professional e-commerce product photo, square 1:1, 4K, ultra-realistic. A set of 5 indoor plants: an Areca Palm, a Rubber Plant, a Monstera Deliciosa, a Peace Lily and a Snake Plant, each planted in its own glossy round ceramic pot that is white on top and matte black at the bottom, arranged neatly side by side in one row on a dark wooden tabletop against a dark grey wall with soft warm golden bokeh lights in the background. Soft studio lighting, every plant sharp and fully visible, healthy fresh leaves, natural colours, all pots fully in frame, centred with some empty space around. No text, no logo, no watermark, no people."
low-maintenance-plants-set-of-5.jpg,Low Maintenance Plants - Set of 5,"Professional e-commerce product photo, square 1:1, 4K, ultra-realistic. A set of 5 indoor plants: a Snake Plant, a ZZ Plant, a Jade Plant, a Golden Money Plant and an Aglaonema, each planted in its own glossy round ceramic pot that is white on top and matte black at the bottom, arranged neatly side by side in one row on a dark wooden tabletop against a dark grey wall with soft warm golden bokeh lights in the background. Soft studio lighting, every plant sharp and fully visible, healthy fresh leaves, natural colours, all pots fully in frame, centred with some empty space around. No text, no logo, no watermark, no people."
office-desk-plants-set-of-4.jpg,Office Desk Plants - Set of 4,"Professional e-commerce product photo, square 1:1, 4K, ultra-realistic. A set of 4 indoor plants: small desk-size plants: a Snake Plant, a ZZ Plant, a Money Plant and a Peperomia, each planted in its own glossy round ceramic pot that is white on top and matte black at the bottom, arranged neatly side by side in one row on a dark wooden tabletop against a dark grey wall with soft warm golden bokeh lights in the background. Soft studio lighting, every plant sharp and fully visible, healthy fresh leaves, natural colours, all pots fully in frame, centred with some empty space around. No text, no logo, no watermark, no people."
mini-desk-plants-set-of-4.jpg,Mini Desk Plants - Set of 4,"Professional e-commerce product photo, square 1:1, 4K, ultra-realistic. A set of 4 indoor plants: tiny plants in mini pots: a Haworthia Zebra, a mini Jade, a small Cactus and a Fittonia Nerve Plant, each planted in its own glossy round ceramic pot that is white on top and matte black at the bottom, arranged neatly side by side in one row on a dark wooden tabletop against a dark grey wall with soft warm golden bokeh lights in the background. Soft studio lighting, every plant sharp and fully visible, healthy fresh leaves, natural colours, all pots fully in frame, centred with some empty space around. No text, no logo, no watermark, no people."
money-plant-variegated-set-of-2.jpg,Money Plant Variegated - Set of 2,"Professional e-commerce product photo, square 1:1, 4K, ultra-realistic. A set of 2 indoor plants: two identical Variegated Money Plants (Marble Queen Pothos) with green and white marbled heart-shaped leaves and trailing vines, each planted in its own glossy round ceramic pot that is white on top and matte black at the bottom, arranged neatly side by side in one row on a dark wooden tabletop against a dark grey wall with soft warm golden bokeh lights in the background. Soft studio lighting, every plant sharp and fully visible, healthy fresh leaves, natural colours, all pots fully in frame, centred with some empty space around. No text, no logo, no watermark, no people."
peace-lily-plant-set-of-2.jpg,Peace Lily Plant - Set of 2,"Professional e-commerce product photo, square 1:1, 4K, ultra-realistic. A set of 2 indoor plants: two identical Peace Lily plants with glossy dark green leaves and white spathe flowers, each planted in its own glossy round ceramic pot that is white on top and matte black at the bottom, arranged neatly side by side in one row on a dark wooden tabletop against a dark grey wall with soft warm golden bokeh lights in the background. Soft studio lighting, every plant sharp and fully visible, healthy fresh leaves, natural colours, all pots fully in frame, centred with some empty space around. No text, no logo, no watermark, no people."
philodendron-birkin-and-philodendron-congo-plant-bouquet.jpg,Philodendron Birkin and Philodendron Congo Plant Bouquet,"Professional e-commerce product photo, square 1:1, 4K, ultra-realistic. A plant bouquet: a Philodendron Birkin with dark green leaves with fine white pinstripes and a Philodendron Congo with large glossy solid green leaves, both planted together in one pot, planted in a glossy round ceramic pot that is white on top and matte black at the bottom, standing on a dark wooden tabletop against a dark grey wall with soft warm golden bokeh lights in the background. Soft studio lighting, sharp focus on the plant, healthy fresh leaves, natural colours, whole plant and pot in frame, centred with some empty space around. No text, no logo, no watermark, no people."
aglaonema-red-and-aglaonema-pink-beauty-plant-bouquet.jpg,Aglaonema Red and Aglaonema Pink Beauty Plant Bouquet,"Professional e-commerce product photo, square 1:1, 4K, ultra-realistic. A plant bouquet: an Aglaonema Red with deep red and green leaves and an Aglaonema Pink Beauty with pink-speckled leaves, both planted together in one pot, planted in a glossy round ceramic pot that is white on top and matte black at the bottom, standing on a dark wooden tabletop against a dark grey wall with soft warm golden bokeh lights in the background. Soft studio lighting, sharp focus on the plant, healthy fresh leaves, natural colours, whole plant and pot in frame, centred with some empty space around. No text, no logo, no watermark, no people."
zamia-green-and-zamia-black-plant-bouquet.jpg,Zamia Green and Zamia Black Plant Bouquet,"Professional e-commerce product photo, square 1:1, 4K, ultra-realistic. A plant bouquet: a green ZZ plant (Zamioculcas) with glossy bright green leaves and a Black ZZ plant (Zamioculcas Raven) with glossy near-black leaves, both planted together in one pot, planted in a glossy round ceramic pot that is white on top and matte black at the bottom, standing on a dark wooden tabletop against a dark grey wall with soft warm golden bokeh lights in the background. Soft studio lighting, sharp focus on the plant, healthy fresh leaves, natural colours, whole plant and pot in frame, centred with some empty space around. No text, no logo, no watermark, no people."
money-plant-golden-plant-set-of-2.jpg,Money Plant Golden Plant - Set of 2,"Professional e-commerce product photo, square 1:1, 4K, ultra-realistic. A set of 2 indoor plants: two identical Golden Money Plants with heart-shaped green leaves streaked with golden yellow and trailing vines, each planted in its own glossy round ceramic pot that is white on top and matte black at the bottom, arranged neatly side by side in one row on a dark wooden tabletop against a dark grey wall with soft warm golden bokeh lights in the background. Soft studio lighting, every plant sharp and fully visible, healthy fresh leaves, natural colours, all pots fully in frame, centred with some empty space around. No text, no logo, no watermark, no people."
heart-hoya-green-and-variegated-plant-bouquet.jpg,Heart Hoya Green and Variegated Plant Bouquet,"Professional e-commerce product photo, square 1:1, 4K, ultra-realistic. A plant bouquet: two single heart-shaped Hoya kerrii leaves, one plain green and one variegated green with cream edges, planted together side by side in one small pot, planted in a glossy round ceramic pot that is white on top and matte black at the bottom, standing on a dark wooden tabletop against a dark grey wall with soft warm golden bokeh lights in the background. Soft studio lighting, sharp focus on the plant, healthy fresh leaves, natural colours, whole plant and pot in frame, centred with some empty space around. No text, no logo, no watermark, no people."
aralia-golden-variegated-white-and-variegated-white-mini-plant-bouquet.jpg,Aralia Golden Variegated White and Variegated White Mini Plant Bouquet,"Professional e-commerce product photo, square 1:1, 4K, ultra-realistic. A small plant bouquet: a Golden Aralia with round ruffled golden-green leaves and a Variegated White Aralia with round leaves edged in creamy white, both planted together in one small pot, planted in a glossy round ceramic pot that is white on top and matte black at the bottom, standing on a dark wooden tabletop against a dark grey wall with soft warm golden bokeh lights in the background. Soft studio lighting, sharp focus on the plant, healthy fresh leaves, natural colours, whole plant and pot in frame, centred with some empty space around. No text, no logo, no watermark, no people."
areca-palm-snake-plant-air-purifying-duo.jpg,Areca Palm & Snake Plant Air Purifying Duo,"Professional e-commerce product photo, square 1:1, 4K, ultra-realistic. A set of 2 indoor plants: a medium Areca Palm with feathery arching fronds and a Snake Plant with upright sword-shaped leaves with yellow edges, each planted in its own glossy round ceramic pot that is white on top and matte black at the bottom, arranged neatly side by side in one row on a dark wooden tabletop against a dark grey wall with soft warm golden bokeh lights in the background. Soft studio lighting, every plant sharp and fully visible, healthy fresh leaves, natural colours, all pots fully in frame, centred with some empty space around. No text, no logo, no watermark, no people."
syngonium-pink-neon-and-white-butterfly-plant-bouquet.jpg,Syngonium Pink Neon and White Butterfly Plant Bouquet,"Professional e-commerce product photo, square 1:1, 4K, ultra-realistic. A plant bouquet: a Syngonium Pink Neon with soft pink arrow-shaped leaves and a Syngonium White Butterfly with pale green-white arrow-shaped leaves, both planted together in one pot, planted in a glossy round ceramic pot that is white on top and matte black at the bottom, standing on a dark wooden tabletop against a dark grey wall with soft warm golden bokeh lights in the background. Soft studio lighting, sharp focus on the plant, healthy fresh leaves, natural colours, whole plant and pot in frame, centred with some empty space around. No text, no logo, no watermark, no people."
ganpati-festive-decor-plants-large-bundle.jpg,Ganpati Festive Decor Plants - Large Bundle,"Professional e-commerce product photo, square 1:1, 4K, ultra-realistic. A set of 5 indoor plants: a 3-layer Lucky Bamboo in a shallow bowl with pebbles, a Jade Plant, a Golden Money Plant, an Anthurium Red with red flowers and an Aglaonema Red, with a few marigold flowers and a small brass diya on the table for a festive look, each planted in its own glossy round ceramic pot that is white on top and matte black at the bottom, arranged neatly side by side in one row on a dark wooden tabletop against a dark grey wall with soft warm golden bokeh lights in the background. Soft studio lighting, every plant sharp and fully visible, healthy fresh leaves, natural colours, all pots fully in frame, centred with some empty space around. No text, no logo, no watermark, no people."
ganpati-festive-decor-plants-bundle.jpg,Ganpati Festive Decor Plants Bundle,"Professional e-commerce product photo, square 1:1, 4K, ultra-realistic. A set of 4 indoor plants: a 2-layer Lucky Bamboo in a shallow bowl with pebbles, a Jade Plant, an Anthurium Red with red flowers and a Golden Money Plant, with a few marigold flowers scattered on the table for a festive look, each planted in its own glossy round ceramic pot that is white on top and matte black at the bottom, arranged neatly side by side in one row on a dark wooden tabletop against a dark grey wall with soft warm golden bokeh lights in the background. Soft studio lighting, every plant sharp and fully visible, healthy fresh leaves, natural colours, all pots fully in frame, centred with some empty space around. No text, no logo, no watermark, no people."
