code,file_name,product,section,prompt
P1,tokyo-round-planter.jpg,Tokyo Round Planter,pots,"Professional e-commerce product photo, square 1:1, 4K, ultra-realistic. A small round, slightly tapered planter with a smooth matte sandstone stone-finish texture, standing on a natural wooden slab table, with large softly blurred green monstera leaves in the background, soft natural daylight, shallow depth of field. The pot is empty, clean and shown in full with some empty space around it, centred. No text, no logo, no brand name, no watermark, no people."
P2,milano-short-planter.jpg,Milano Short Planter,pots,"Professional e-commerce product photo, square 1:1, 4K, ultra-realistic. A short, wide cylindrical planter with a subtle brown stone-finish texture, standing on a natural wooden slab table, with large softly blurred green monstera leaves in the background, soft natural daylight, shallow depth of field. The pot is empty, clean and shown in full with some empty space around it, centred. No text, no logo, no brand name, no watermark, no people."
P3,tokyo-high-planter.jpg,Tokyo High Planter,pots,"Professional e-commerce product photo, square 1:1, 4K, ultra-realistic. A tall round tapered floor planter with a matte grey stone-finish texture, standing on a natural wooden slab table, with large softly blurred green monstera leaves in the background, soft natural daylight, shallow depth of field. The pot is empty, clean and shown in full with some empty space around it, centred. No text, no logo, no brand name, no watermark, no people."
P4,gardening-pots-terracotta-color.jpg,Gardening Pots - Terracotta Color,pots,"Professional e-commerce product photo, square 1:1, 4K, ultra-realistic. A set of 6 simple round terracotta-coloured plastic nursery pots with rims and drainage holes, neatly arranged, standing on a natural wooden slab table, with large softly blurred green monstera leaves in the background, soft natural daylight, shallow depth of field. The pot is empty, clean and shown in full with some empty space around it, centred. No text, no logo, no brand name, no watermark, no people."
P5,gardening-pots-black.jpg,Gardening Pots - Black,pots,"Professional e-commerce product photo, square 1:1, 4K, ultra-realistic. A simple round black plastic nursery pot, 4 inch, with a rim and drainage holes, standing on a natural wooden slab table, with large softly blurred green monstera leaves in the background, soft natural daylight, shallow depth of field. The pot is empty, clean and shown in full with some empty space around it, centred. No text, no logo, no brand name, no watermark, no people."
P6,paris-planter.jpg,Paris Planter,pots,"Professional e-commerce product photo, square 1:1, 4K, ultra-realistic. An elegant round planter with a softly curved belly and a matte grey stone finish, standing on a natural wooden slab table, with large softly blurred green monstera leaves in the background, soft natural daylight, shallow depth of field. The pot is empty, clean and shown in full with some empty space around it, centred. No text, no logo, no brand name, no watermark, no people."
P7,krish-self-watering-planter-set-of-5.jpg,Krish Self Watering Planter - Set of 5,pots,"Professional e-commerce product photo, square 1:1, 4K, ultra-realistic. A set of 5 small round self-watering plastic pots, each with an inner pot sitting in a water reservoir, in red, yellow, white, light green and brown, standing on a natural wooden slab table, with large softly blurred green monstera leaves in the background, soft natural daylight, shallow depth of field. The pot is empty, clean and shown in full with some empty space around it, centred. No text, no logo, no brand name, no watermark, no people."
P8,tulsi-pot-for-home.jpg,Tulsi Pot for Home,pots,"Professional e-commerce product photo, square 1:1, 4K, ultra-realistic. A traditional square tulsi planter on a raised pedestal base, in a sandstone stone finish, standing on a natural wooden slab table, with large softly blurred green monstera leaves in the background, soft natural daylight, shallow depth of field. The pot is empty, clean and shown in full with some empty space around it, centred. No text, no logo, no brand name, no watermark, no people."
P9,bellow-rectangle-window-planter.jpg,Bellow Rectangle Window Planter,pots,"Professional e-commerce product photo, square 1:1, 4K, ultra-realistic. A set of 3 long rectangular window-box planters in terracotta-coloured plastic, standing on a natural wooden slab table, with large softly blurred green monstera leaves in the background, soft natural daylight, shallow depth of field. The pot is empty, clean and shown in full with some empty space around it, centred. No text, no logo, no brand name, no watermark, no people."
P10,gardening-plates-black.jpg,Gardening Plates - Black,pots,"Professional e-commerce product photo, square 1:1, 4K, ultra-realistic. A stack of round black plastic drip saucers (pot plates), 4 inch, standing on a natural wooden slab table, with large softly blurred green monstera leaves in the background, soft natural daylight, shallow depth of field. The pot is empty, clean and shown in full with some empty space around it, centred. No text, no logo, no brand name, no watermark, no people."
P11,havana-plastic-planter.jpg,Havana Plastic Planter,pots,"Professional e-commerce product photo, square 1:1, 4K, ultra-realistic. A large 30 cm round planter with horizontal ridges and a matte sandstone stone finish, standing on a natural wooden slab table, with large softly blurred green monstera leaves in the background, soft natural daylight, shallow depth of field. The pot is empty, clean and shown in full with some empty space around it, centred. No text, no logo, no brand name, no watermark, no people."
P12,reca-40-multicolour-self-watering-planter-set-of-4.jpg,Reca 40 Multicolour Self Watering Planter - Set of 4,pots,"Professional e-commerce product photo, square 1:1, 4K, ultra-realistic. A set of 4 small round self-watering plastic planters in bright mixed colours, each with a water reservoir, standing on a natural wooden slab table, with large softly blurred green monstera leaves in the background, soft natural daylight, shallow depth of field. The pot is empty, clean and shown in full with some empty space around it, centred. No text, no logo, no brand name, no watermark, no people."
P13,gardening-plates-terracotta-color.jpg,Gardening Plates - Terracotta Color,pots,"Professional e-commerce product photo, square 1:1, 4K, ultra-realistic. A stack of round terracotta-coloured plastic drip saucers (pot plates), 4 inch, standing on a natural wooden slab table, with large softly blurred green monstera leaves in the background, soft natural daylight, shallow depth of field. The pot is empty, clean and shown in full with some empty space around it, centred. No text, no logo, no brand name, no watermark, no people."
P14,bello-hook-planter-set-of-5.jpg,Bello Hook Planter (Set of 5),pots,"Professional e-commerce product photo, square 1:1, 4K, ultra-realistic. A set of 5 small half-round railing hook planters in terracotta-coloured plastic, standing on a natural wooden slab table, with large softly blurred green monstera leaves in the background, soft natural daylight, shallow depth of field. The pot is empty, clean and shown in full with some empty space around it, centred. No text, no logo, no brand name, no watermark, no people."
P15,kyiv-planter-set-of-3.jpg,Kyiv Planter - Set of 3,pots,"Professional e-commerce product photo, square 1:1, 4K, ultra-realistic. A set of 3 nesting round planters in small, medium and large sizes, matte grey stone finish, standing on a natural wooden slab table, with large softly blurred green monstera leaves in the background, soft natural daylight, shallow depth of field. The pot is empty, clean and shown in full with some empty space around it, centred. No text, no logo, no brand name, no watermark, no people."
P16,the-echo-planter.jpg,The Echo Planter,pots,"Professional e-commerce product photo, square 1:1, 4K, ultra-realistic. A round planter with a soft rippled ribbed texture in terracotta colour, standing on a natural wooden slab table, with large softly blurred green monstera leaves in the background, soft natural daylight, shallow depth of field. The pot is empty, clean and shown in full with some empty space around it, centred. No text, no logo, no brand name, no watermark, no people."
P17,york-pot-5-inch-pack-of-3.jpg,York Pot (5 inch) - Pack of 3,pots,"Professional e-commerce product photo, square 1:1, 4K, ultra-realistic. Three matching 5 inch round pots with rims in mocha brown, standing on a natural wooden slab table, with large softly blurred green monstera leaves in the background, soft natural daylight, shallow depth of field. The pot is empty, clean and shown in full with some empty space around it, centred. No text, no logo, no brand name, no watermark, no people."
P18,reca-40-multicolour-window-planter-set-of-4.jpg,Reca 40 Multicolour Window Planter - Set of 4,pots,"Professional e-commerce product photo, square 1:1, 4K, ultra-realistic. A set of 4 small rectangular window planters in bright mixed colours, standing on a natural wooden slab table, with large softly blurred green monstera leaves in the background, soft natural daylight, shallow depth of field. The pot is empty, clean and shown in full with some empty space around it, centred. No text, no logo, no brand name, no watermark, no people."
P19,cosmos-plastic-pot.jpg,Cosmos Plastic Pot,pots,"Professional e-commerce product photo, square 1:1, 4K, ultra-realistic. An 8 inch round glossy plastic pot with a rolled rim, standing on a natural wooden slab table, with large softly blurred green monstera leaves in the background, soft natural daylight, shallow depth of field. The pot is empty, clean and shown in full with some empty space around it, centred. No text, no logo, no brand name, no watermark, no people."
P20,tunis-planter-set-of-3.jpg,Tunis Planter - Set of 3,pots,"Professional e-commerce product photo, square 1:1, 4K, ultra-realistic. A set of 3 nesting square tapered planters in small, medium and large sizes, matte grey stone finish, standing on a natural wooden slab table, with large softly blurred green monstera leaves in the background, soft natural daylight, shallow depth of field. The pot is empty, clean and shown in full with some empty space around it, centred. No text, no logo, no brand name, no watermark, no people."
P21,atlantis-self-watering-planter-4-inch-set-of-5.jpg,Atlantis Self Watering Planter - 4 Inch (Set of 5),pots,"Professional e-commerce product photo, square 1:1, 4K, ultra-realistic. A set of 5 small 4 inch self-watering pots in midnight blue, yellow, pink, pastel blue and teal, standing on a natural wooden slab table, with large softly blurred green monstera leaves in the background, soft natural daylight, shallow depth of field. The pot is empty, clean and shown in full with some empty space around it, centred. No text, no logo, no brand name, no watermark, no people."
P22,verona-planter.jpg,Verona Planter,pots,"Professional e-commerce product photo, square 1:1, 4K, ultra-realistic. A round planter with a vertical fluted pattern in sage green, standing on a natural wooden slab table, with large softly blurred green monstera leaves in the background, soft natural daylight, shallow depth of field. The pot is empty, clean and shown in full with some empty space around it, centred. No text, no logo, no brand name, no watermark, no people."
P23,rome-plastic-planter.jpg,Rome Plastic Planter,pots,"Professional e-commerce product photo, square 1:1, 4K, ultra-realistic. A classic 30 cm round planter with a thick rim in a matte black stone finish, standing on a natural wooden slab table, with large softly blurred green monstera leaves in the background, soft natural daylight, shallow depth of field. The pot is empty, clean and shown in full with some empty space around it, centred. No text, no logo, no brand name, no watermark, no people."
P24,verona-diamond-planter.jpg,Verona Diamond Planter,pots,"Professional e-commerce product photo, square 1:1, 4K, ultra-realistic. A round planter with a raised diamond facet pattern in grey, standing on a natural wooden slab table, with large softly blurred green monstera leaves in the background, soft natural daylight, shallow depth of field. The pot is empty, clean and shown in full with some empty space around it, centred. No text, no logo, no brand name, no watermark, no people."
P25,microgreens-growing-tray.jpg,Microgreens Growing Tray,pots,"Professional e-commerce product photo, square 1:1, 4K, ultra-realistic. A shallow rectangular black plastic microgreens growing tray with drainage holes, sitting in a matching drip tray, standing on a natural wooden slab table, with large softly blurred green monstera leaves in the background, soft natural daylight, shallow depth of field. The pot is empty, clean and shown in full with some empty space around it, centred. No text, no logo, no brand name, no watermark, no people."
P26,mounta-wall-planter-set-of-5.jpg,Mounta Wall Planter - Set of 5,pots,"Professional e-commerce product photo, square 1:1, 4K, ultra-realistic. A set of 5 half-round wall-mounted plastic planters in mixed colours, standing on a natural wooden slab table, with large softly blurred green monstera leaves in the background, soft natural daylight, shallow depth of field. The pot is empty, clean and shown in full with some empty space around it, centred. No text, no logo, no brand name, no watermark, no people."
P27,pebble-shaped-planter.jpg,Pebble Shaped Planter,pots,"Professional e-commerce product photo, square 1:1, 4K, ultra-realistic. A low, smooth, rounded pebble-shaped planter in a white stone finish, standing on a natural wooden slab table, with large softly blurred green monstera leaves in the background, soft natural daylight, shallow depth of field. The pot is empty, clean and shown in full with some empty space around it, centred. No text, no logo, no brand name, no watermark, no people."
P28,barca-round-planter.jpg,Barca Round Planter,pots,"Professional e-commerce product photo, square 1:1, 4K, ultra-realistic. A minimal round planter with straight sides and a brown stone finish, standing on a natural wooden slab table, with large softly blurred green monstera leaves in the background, soft natural daylight, shallow depth of field. The pot is empty, clean and shown in full with some empty space around it, centred. No text, no logo, no brand name, no watermark, no people."
P29,barca-rectangle-planter.jpg,Barca Rectangle Planter,pots,"Professional e-commerce product photo, square 1:1, 4K, ultra-realistic. A minimal rectangular planter with straight sides and a sandstone stone finish, standing on a natural wooden slab table, with large softly blurred green monstera leaves in the background, soft natural daylight, shallow depth of field. The pot is empty, clean and shown in full with some empty space around it, centred. No text, no logo, no brand name, no watermark, no people."
P30,chatura-plastic-pots-set-of-5.jpg,Chatura Plastic Pots - Set of 5,pots,"Professional e-commerce product photo, square 1:1, 4K, ultra-realistic. A set of 5 round plastic pots in red, yellow, brown, light green and white, standing on a natural wooden slab table, with large softly blurred green monstera leaves in the background, soft natural daylight, shallow depth of field. The pot is empty, clean and shown in full with some empty space around it, centred. No text, no logo, no brand name, no watermark, no people."
P31,verona-eco-planter-set-of-3.jpg,Verona Eco Planter - Set of 3,pots,"Professional e-commerce product photo, square 1:1, 4K, ultra-realistic. A set of 3 round planters with a speckled eco texture in black, brown and green, standing on a natural wooden slab table, with large softly blurred green monstera leaves in the background, soft natural daylight, shallow depth of field. The pot is empty, clean and shown in full with some empty space around it, centred. No text, no logo, no brand name, no watermark, no people."
P32,huka-balcony-railing-planter-set-of-5.jpg,Huka Balcony Railing Planter - Set of 5,pots,"Professional e-commerce product photo, square 1:1, 4K, ultra-realistic. A set of 5 rectangular balcony railing planters with built-in hooks, in terracotta colour, standing on a natural wooden slab table, with large softly blurred green monstera leaves in the background, soft natural daylight, shallow depth of field. The pot is empty, clean and shown in full with some empty space around it, centred. No text, no logo, no brand name, no watermark, no people."
P33,euro-plastic-planter.jpg,Euro Plastic Planter,pots,"Professional e-commerce product photo, square 1:1, 4K, ultra-realistic. A tall square tapered planter with a sandstone stone finish, standing on a natural wooden slab table, with large softly blurred green monstera leaves in the background, soft natural daylight, shallow depth of field. The pot is empty, clean and shown in full with some empty space around it, centred. No text, no logo, no brand name, no watermark, no people."
P34,malta-planter.jpg,Malta Planter,pots,"Professional e-commerce product photo, square 1:1, 4K, ultra-realistic. A round planter with a wide rim and a smooth curved body in sandstone stone finish, standing on a natural wooden slab table, with large softly blurred green monstera leaves in the background, soft natural daylight, shallow depth of field. The pot is empty, clean and shown in full with some empty space around it, centred. No text, no logo, no brand name, no watermark, no people."
P35,qubec-planter.jpg,Qubec Planter,pots,"Professional e-commerce product photo, square 1:1, 4K, ultra-realistic. A cube-shaped planter with softly rounded edges in a brown stone finish, standing on a natural wooden slab table, with large softly blurred green monstera leaves in the background, soft natural daylight, shallow depth of field. The pot is empty, clean and shown in full with some empty space around it, centred. No text, no logo, no brand name, no watermark, no people."
P36,barca-square-planter.jpg,Barca Square Planter,pots,"Professional e-commerce product photo, square 1:1, 4K, ultra-realistic. A minimal square planter with straight sides and a white stone finish, standing on a natural wooden slab table, with large softly blurred green monstera leaves in the background, soft natural daylight, shallow depth of field. The pot is empty, clean and shown in full with some empty space around it, centred. No text, no logo, no brand name, no watermark, no people."
P37,rib-short-planter.jpg,Rib Short Planter,pots,"Professional e-commerce product photo, square 1:1, 4K, ultra-realistic. A short round planter with vertical ribs and a sandstone stone finish, standing on a natural wooden slab table, with large softly blurred green monstera leaves in the background, soft natural daylight, shallow depth of field. The pot is empty, clean and shown in full with some empty space around it, centred. No text, no logo, no brand name, no watermark, no people."
P38,rib-high-planter.jpg,Rib High Planter,pots,"Professional e-commerce product photo, square 1:1, 4K, ultra-realistic. A tall round planter with vertical ribs and a sandstone stone finish, standing on a natural wooden slab table, with large softly blurred green monstera leaves in the background, soft natural daylight, shallow depth of field. The pot is empty, clean and shown in full with some empty space around it, centred. No text, no logo, no brand name, no watermark, no people."
P39,rib-bowl-planter.jpg,Rib Bowl Planter,pots,"Professional e-commerce product photo, square 1:1, 4K, ultra-realistic. A wide low bowl planter with vertical ribs and a sandstone stone finish, standing on a natural wooden slab table, with large softly blurred green monstera leaves in the background, soft natural daylight, shallow depth of field. The pot is empty, clean and shown in full with some empty space around it, centred. No text, no logo, no brand name, no watermark, no people."
P40,diamond-low-planter.jpg,Diamond Low Planter,pots,"Professional e-commerce product photo, square 1:1, 4K, ultra-realistic. A low faceted geometric diamond-shaped planter in a grey stone finish, standing on a natural wooden slab table, with large softly blurred green monstera leaves in the background, soft natural daylight, shallow depth of field. The pot is empty, clean and shown in full with some empty space around it, centred. No text, no logo, no brand name, no watermark, no people."
P41,diamond-high-planter.jpg,Diamond High Planter,pots,"Professional e-commerce product photo, square 1:1, 4K, ultra-realistic. A tall faceted geometric diamond-shaped planter in a grey stone finish, standing on a natural wooden slab table, with large softly blurred green monstera leaves in the background, soft natural daylight, shallow depth of field. The pot is empty, clean and shown in full with some empty space around it, centred. No text, no logo, no brand name, no watermark, no people."
P42,spiro-ceramic-pot.jpg,Spiro Ceramic Pot,pots,"Professional e-commerce product photo, square 1:1, 4K, ultra-realistic. A glossy ceramic pot with a raised spiral swirl pattern in crepe pink, standing on a natural wooden slab table, with large softly blurred green monstera leaves in the background, soft natural daylight, shallow depth of field. The pot is empty, clean and shown in full with some empty space around it, centred. No text, no logo, no brand name, no watermark, no people."
P43,roma-ceramic-pot.jpg,Roma Ceramic Pot,pots,"Professional e-commerce product photo, square 1:1, 4K, ultra-realistic. A 4 inch round glossy white ceramic pot, standing on a natural wooden slab table, with large softly blurred green monstera leaves in the background, soft natural daylight, shallow depth of field. The pot is empty, clean and shown in full with some empty space around it, centred. No text, no logo, no brand name, no watermark, no people."
P44,diamond-ceramic-pot.jpg,Diamond Ceramic Pot,pots,"Professional e-commerce product photo, square 1:1, 4K, ultra-realistic. A faceted diamond-shaped glossy ceramic pot in magenta, standing on a natural wooden slab table, with large softly blurred green monstera leaves in the background, soft natural daylight, shallow depth of field. The pot is empty, clean and shown in full with some empty space around it, centred. No text, no logo, no brand name, no watermark, no people."
P45,grail-ceramic-pot.jpg,Grail Ceramic Pot,pots,"Professional e-commerce product photo, square 1:1, 4K, ultra-realistic. A goblet-shaped ceramic pot standing on a short foot, in peach, standing on a natural wooden slab table, with large softly blurred green monstera leaves in the background, soft natural daylight, shallow depth of field. The pot is empty, clean and shown in full with some empty space around it, centred. No text, no logo, no brand name, no watermark, no people."
P46,aurelius-round-ceramic-pot.jpg,Aurelius Round Ceramic Pot,pots,"Professional e-commerce product photo, square 1:1, 4K, ultra-realistic. A round matte ceramic pot in soft grey, standing on a natural wooden slab table, with large softly blurred green monstera leaves in the background, soft natural daylight, shallow depth of field. The pot is empty, clean and shown in full with some empty space around it, centred. No text, no logo, no brand name, no watermark, no people."
P47,aurelius-prism-ceramic-pot.jpg,Aurelius Prism Ceramic Pot,pots,"Professional e-commerce product photo, square 1:1, 4K, ultra-realistic. A prism-shaped faceted matte ceramic pot in dusty rose, standing on a natural wooden slab table, with large softly blurred green monstera leaves in the background, soft natural daylight, shallow depth of field. The pot is empty, clean and shown in full with some empty space around it, centred. No text, no logo, no brand name, no watermark, no people."
P48,table-top-ceramic-pot.jpg,Table Top Ceramic Pot,pots,"Professional e-commerce product photo, square 1:1, 4K, ultra-realistic. A small table-top glossy ceramic pot in white, standing on a natural wooden slab table, with large softly blurred green monstera leaves in the background, soft natural daylight, shallow depth of field. The pot is empty, clean and shown in full with some empty space around it, centred. No text, no logo, no brand name, no watermark, no people."
P49,peacock-ceramic-pot-5-inch.jpg,Peacock Ceramic Pot - 5 inch,pots,"Professional e-commerce product photo, square 1:1, 4K, ultra-realistic. A 5 inch ceramic pot with an embossed peacock feather design in metallic silver, standing on a natural wooden slab table, with large softly blurred green monstera leaves in the background, soft natural daylight, shallow depth of field. The pot is empty, clean and shown in full with some empty space around it, centred. No text, no logo, no brand name, no watermark, no people."
P50,fluted-ceramic-pot-5-inch.jpg,Fluted Ceramic Pot - 5 inch,pots,"Professional e-commerce product photo, square 1:1, 4K, ultra-realistic. A 5 inch fluted, ribbed ceramic pot in metallic gold, standing on a natural wooden slab table, with large softly blurred green monstera leaves in the background, soft natural daylight, shallow depth of field. The pot is empty, clean and shown in full with some empty space around it, centred. No text, no logo, no brand name, no watermark, no people."
P51,phoenix-ceramic-pot-9-5-inch-diameter.jpg,Phoenix Ceramic Pot (9.5 Inch Diameter),pots,"Professional e-commerce product photo, square 1:1, 4K, ultra-realistic. A large round ceramic pot (9.5 inch) with a subtle textured pattern in grey, standing on a natural wooden slab table, with large softly blurred green monstera leaves in the background, soft natural daylight, shallow depth of field. The pot is empty, clean and shown in full with some empty space around it, centred. No text, no logo, no brand name, no watermark, no people."
P52,blushing-sun-ceramic-planter.jpg,Blushing Sun Ceramic Planter,pots,"Professional e-commerce product photo, square 1:1, 4K, ultra-realistic. A small ceramic planter with a raised sun-ray pattern in coral pink, standing on a natural wooden slab table, with large softly blurred green monstera leaves in the background, soft natural daylight, shallow depth of field. The pot is empty, clean and shown in full with some empty space around it, centred. No text, no logo, no brand name, no watermark, no people."
P53,precious-horcrux-ceramic-pot.jpg,Precious Horcrux Ceramic Pot,pots,"Professional e-commerce product photo, square 1:1, 4K, ultra-realistic. A medium ceramic pot with an engraved geometric pattern in grey, standing on a natural wooden slab table, with large softly blurred green monstera leaves in the background, soft natural daylight, shallow depth of field. The pot is empty, clean and shown in full with some empty space around it, centred. No text, no logo, no brand name, no watermark, no people."
P54,tiny-kisses-ceramic-planter.jpg,Tiny Kisses Ceramic Planter,pots,"Professional e-commerce product photo, square 1:1, 4K, ultra-realistic. A small round matte ceramic planter in terracotta, standing on a natural wooden slab table, with large softly blurred green monstera leaves in the background, soft natural daylight, shallow depth of field. The pot is empty, clean and shown in full with some empty space around it, centred. No text, no logo, no brand name, no watermark, no people."
P55,immortal-nights-ceramic-planter.jpg,Immortal Nights Ceramic Planter,pots,"Professional e-commerce product photo, square 1:1, 4K, ultra-realistic. A round ceramic planter with a speckled aqua glaze, standing on a natural wooden slab table, with large softly blurred green monstera leaves in the background, soft natural daylight, shallow depth of field. The pot is empty, clean and shown in full with some empty space around it, centred. No text, no logo, no brand name, no watermark, no people."
P56,soothing-rains-ceramic-planters.jpg,Soothing Rains Ceramic Planters,pots,"Professional e-commerce product photo, square 1:1, 4K, ultra-realistic. A two-tone ceramic planter, warm brown on top and matte black at the bottom, standing on a natural wooden slab table, with large softly blurred green monstera leaves in the background, soft natural daylight, shallow depth of field. The pot is empty, clean and shown in full with some empty space around it, centred. No text, no logo, no brand name, no watermark, no people."
P57,phoenix-ceramic-pot-12-5-inch-diameter.jpg,Phoenix Ceramic Pot (12.5 Inch Diameter),pots,"Professional e-commerce product photo, square 1:1, 4K, ultra-realistic. A large round ceramic pot (12.5 inch) with a subtle textured pattern in white, standing on a natural wooden slab table, with large softly blurred green monstera leaves in the background, soft natural daylight, shallow depth of field. The pot is empty, clean and shown in full with some empty space around it, centred. No text, no logo, no brand name, no watermark, no people."
P58,untold-stories-ceramic-planter.jpg,Untold Stories Ceramic Planter,pots,"Professional e-commerce product photo, square 1:1, 4K, ultra-realistic. A matte black ceramic planter with a subtle carved texture, standing on a natural wooden slab table, with large softly blurred green monstera leaves in the background, soft natural daylight, shallow depth of field. The pot is empty, clean and shown in full with some empty space around it, centred. No text, no logo, no brand name, no watermark, no people."
P59,moonlight-drama-ceramic-planter.jpg,Moonlight Drama Ceramic Planter,pots,"Professional e-commerce product photo, square 1:1, 4K, ultra-realistic. A two-tone ceramic planter, warm brown with a dark grey band, standing on a natural wooden slab table, with large softly blurred green monstera leaves in the background, soft natural daylight, shallow depth of field. The pot is empty, clean and shown in full with some empty space around it, centred. No text, no logo, no brand name, no watermark, no people."
P60,apple-ceramic-pot-6-6-inch-diameter.jpg,Apple Ceramic Pot (6.6 Inch Diameter),pots,"Professional e-commerce product photo, square 1:1, 4K, ultra-realistic. An apple-shaped glossy ceramic pot (6.6 inch) in rose red, standing on a natural wooden slab table, with large softly blurred green monstera leaves in the background, soft natural daylight, shallow depth of field. The pot is empty, clean and shown in full with some empty space around it, centred. No text, no logo, no brand name, no watermark, no people."
P61,phoenix-ceramic-planter.jpg,Phoenix Ceramic Planter,pots,"Professional e-commerce product photo, square 1:1, 4K, ultra-realistic. A round textured ceramic planter in white, standing on a natural wooden slab table, with large softly blurred green monstera leaves in the background, soft natural daylight, shallow depth of field. The pot is empty, clean and shown in full with some empty space around it, centred. No text, no logo, no brand name, no watermark, no people."
P62,flower-sunflower-ceramic-planter.jpg,Flower Sunflower Ceramic Planter,pots,"Professional e-commerce product photo, square 1:1, 4K, ultra-realistic. A ceramic planter with an embossed sunflower design in terracotta pink, standing on a natural wooden slab table, with large softly blurred green monstera leaves in the background, soft natural daylight, shallow depth of field. The pot is empty, clean and shown in full with some empty space around it, centred. No text, no logo, no brand name, no watermark, no people."
P63,apple-ceramic-pot-3-8-inch-diameter.jpg,Apple Ceramic Pot (3.8 Inch Diameter),pots,"Professional e-commerce product photo, square 1:1, 4K, ultra-realistic. A small apple-shaped glossy ceramic pot (3.8 inch) in blue, standing on a natural wooden slab table, with large softly blurred green monstera leaves in the background, soft natural daylight, shallow depth of field. The pot is empty, clean and shown in full with some empty space around it, centred. No text, no logo, no brand name, no watermark, no people."
P64,pipe-ceramic-pot-3-8-inch-diameter.jpg,Pipe Ceramic Pot (3.8 Inch Diameter),pots,"Professional e-commerce product photo, square 1:1, 4K, ultra-realistic. A small cylindrical pipe-shaped glossy ceramic pot (3.8 inch) in rose blue, standing on a natural wooden slab table, with large softly blurred green monstera leaves in the background, soft natural daylight, shallow depth of field. The pot is empty, clean and shown in full with some empty space around it, centred. No text, no logo, no brand name, no watermark, no people."
P65,football-ceramic-pot-5-3-inch-diameter.jpg,Football Ceramic Pot (5.3 Inch Diameter),pots,"Professional e-commerce product photo, square 1:1, 4K, ultra-realistic. A football-shaped ceramic pot with a hexagon panel pattern in red and white, standing on a natural wooden slab table, with large softly blurred green monstera leaves in the background, soft natural daylight, shallow depth of field. The pot is empty, clean and shown in full with some empty space around it, centred. No text, no logo, no brand name, no watermark, no people."
P66,lilac-stories-extra-small-ceramic-planter.jpg,Lilac Stories Extra Small Ceramic Planter,pots,"Professional e-commerce product photo, square 1:1, 4K, ultra-realistic. An extra-small textured ceramic planter in aqua green, standing on a natural wooden slab table, with large softly blurred green monstera leaves in the background, soft natural daylight, shallow depth of field. The pot is empty, clean and shown in full with some empty space around it, centred. No text, no logo, no brand name, no watermark, no people."
P67,square-ceramic-pot-3-5-inch-width.jpg,Square Ceramic Pot (3.5 Inch Width),pots,"Professional e-commerce product photo, square 1:1, 4K, ultra-realistic. A small square glossy ceramic pot (3.5 inch) in red, standing on a natural wooden slab table, with large softly blurred green monstera leaves in the background, soft natural daylight, shallow depth of field. The pot is empty, clean and shown in full with some empty space around it, centred. No text, no logo, no brand name, no watermark, no people."
P68,tranquil-tales-ceramic-planter.jpg,Tranquil Tales Ceramic Planter,pots,"Professional e-commerce product photo, square 1:1, 4K, ultra-realistic. A smooth round matte ceramic planter in grey, standing on a natural wooden slab table, with large softly blurred green monstera leaves in the background, soft natural daylight, shallow depth of field. The pot is empty, clean and shown in full with some empty space around it, centred. No text, no logo, no brand name, no watermark, no people."
P69,dark-affinity-ceramic-pot.jpg,Dark Affinity Ceramic Pot,pots,"Professional e-commerce product photo, square 1:1, 4K, ultra-realistic. A small round glossy ceramic pot in white, standing on a natural wooden slab table, with large softly blurred green monstera leaves in the background, soft natural daylight, shallow depth of field. The pot is empty, clean and shown in full with some empty space around it, centred. No text, no logo, no brand name, no watermark, no people."
P70,kids-angry-face-ceramic-pot.jpg,Kids Angry Face Ceramic Pot,pots,"Professional e-commerce product photo, square 1:1, 4K, ultra-realistic. A small cute ceramic pot with a playful cartoon angry face painted on it, standing on a natural wooden slab table, with large softly blurred green monstera leaves in the background, soft natural daylight, shallow depth of field. The pot is empty, clean and shown in full with some empty space around it, centred. No text, no logo, no brand name, no watermark, no people."
P71,crown-ceramic-pot-5-inch.jpg,Crown Ceramic Pot - 5 inch,pots,"Professional e-commerce product photo, square 1:1, 4K, ultra-realistic. A 5 inch ceramic pot shaped like a crown with a pointed rim, in metallic gold, standing on a natural wooden slab table, with large softly blurred green monstera leaves in the background, soft natural daylight, shallow depth of field. The pot is empty, clean and shown in full with some empty space around it, centred. No text, no logo, no brand name, no watermark, no people."
P72,frosted-ceramic-pot.jpg,Frosted Ceramic Pot,pots,"Professional e-commerce product photo, square 1:1, 4K, ultra-realistic. A round ceramic pot with a frosted matte glaze in grey, standing on a natural wooden slab table, with large softly blurred green monstera leaves in the background, soft natural daylight, shallow depth of field. The pot is empty, clean and shown in full with some empty space around it, centred. No text, no logo, no brand name, no watermark, no people."
P73,watermelon-ceramic-planter-5-5-inch-width.jpg,Watermelon Ceramic Planter (5.5 Inch Width),pots,"Professional e-commerce product photo, square 1:1, 4K, ultra-realistic. A ceramic planter painted like a watermelon: green striped rind outside, red inside with black seeds, standing on a natural wooden slab table, with large softly blurred green monstera leaves in the background, soft natural daylight, shallow depth of field. The pot is empty, clean and shown in full with some empty space around it, centred. No text, no logo, no brand name, no watermark, no people."
P74,songs-of-summer-ceramic-planter.jpg,Songs of Summer Ceramic Planter,pots,"Professional e-commerce product photo, square 1:1, 4K, ultra-realistic. A ceramic planter with hand-painted colourful summer flower motifs, standing on a natural wooden slab table, with large softly blurred green monstera leaves in the background, soft natural daylight, shallow depth of field. The pot is empty, clean and shown in full with some empty space around it, centred. No text, no logo, no brand name, no watermark, no people."
P75,synth-ceramic-pot.jpg,Synth Ceramic Pot,pots,"Professional e-commerce product photo, square 1:1, 4K, ultra-realistic. A ceramic pot with fine horizontal ribbed texture in dusty rose, standing on a natural wooden slab table, with large softly blurred green monstera leaves in the background, soft natural daylight, shallow depth of field. The pot is empty, clean and shown in full with some empty space around it, centred. No text, no logo, no brand name, no watermark, no people."
P76,maze-ceramic-pot.jpg,Maze Ceramic Pot,pots,"Professional e-commerce product photo, square 1:1, 4K, ultra-realistic. A ceramic pot with an embossed maze line pattern in mint green, standing on a natural wooden slab table, with large softly blurred green monstera leaves in the background, soft natural daylight, shallow depth of field. The pot is empty, clean and shown in full with some empty space around it, centred. No text, no logo, no brand name, no watermark, no people."
P77,honeycomb-ceramic-pot-4-inch-width.jpg,Honeycomb Ceramic Pot (4 Inch Width),pots,"Professional e-commerce product photo, square 1:1, 4K, ultra-realistic. A 4 inch ceramic pot with a raised hexagon honeycomb pattern in red, standing on a natural wooden slab table, with large softly blurred green monstera leaves in the background, soft natural daylight, shallow depth of field. The pot is empty, clean and shown in full with some empty space around it, centred. No text, no logo, no brand name, no watermark, no people."
P78,argyle-ceramic-pot-6-2-inch-diameter.jpg,Argyle Ceramic Pot (6.2 Inch Diameter),pots,"Professional e-commerce product photo, square 1:1, 4K, ultra-realistic. A round ceramic pot with an argyle diamond pattern in blue and white, standing on a natural wooden slab table, with large softly blurred green monstera leaves in the background, soft natural daylight, shallow depth of field. The pot is empty, clean and shown in full with some empty space around it, centred. No text, no logo, no brand name, no watermark, no people."
P79,star-ceramic-pot-4-2-inch-width.jpg,Star Ceramic Pot (4.2 Inch Width),pots,"Professional e-commerce product photo, square 1:1, 4K, ultra-realistic. A star-shaped glossy ceramic pot in orange, standing on a natural wooden slab table, with large softly blurred green monstera leaves in the background, soft natural daylight, shallow depth of field. The pot is empty, clean and shown in full with some empty space around it, centred. No text, no logo, no brand name, no watermark, no people."
P80,lilac-stories-bundle-aqua-green.jpg,Lilac Stories Bundle - Aqua Green,pots,"Professional e-commerce product photo, square 1:1, 4K, ultra-realistic. A bundle of 2 textured ceramic planters, one medium and one small, in aqua green, standing on a natural wooden slab table, with large softly blurred green monstera leaves in the background, soft natural daylight, shallow depth of field. The pot is empty, clean and shown in full with some empty space around it, centred. No text, no logo, no brand name, no watermark, no people."
P81,tulip-fantasy-bundle-aqua-green.jpg,Tulip Fantasy Bundle - Aqua Green,pots,"Professional e-commerce product photo, square 1:1, 4K, ultra-realistic. A bundle of 2 tulip-shaped ceramic planters, one medium and one small, in aqua green, standing on a natural wooden slab table, with large softly blurred green monstera leaves in the background, soft natural daylight, shallow depth of field. The pot is empty, clean and shown in full with some empty space around it, centred. No text, no logo, no brand name, no watermark, no people."
P82,lilac-stories-bundle-magenta.jpg,Lilac Stories Bundle - Magenta,pots,"Professional e-commerce product photo, square 1:1, 4K, ultra-realistic. A bundle of 2 textured ceramic planters, one medium and one small, in magenta, standing on a natural wooden slab table, with large softly blurred green monstera leaves in the background, soft natural daylight, shallow depth of field. The pot is empty, clean and shown in full with some empty space around it, centred. No text, no logo, no brand name, no watermark, no people."
P83,lilac-stories-bundle-grey.jpg,Lilac Stories Bundle - Grey,pots,"Professional e-commerce product photo, square 1:1, 4K, ultra-realistic. A bundle of 2 textured ceramic planters, one medium and one small, in grey, standing on a natural wooden slab table, with large softly blurred green monstera leaves in the background, soft natural daylight, shallow depth of field. The pot is empty, clean and shown in full with some empty space around it, centred. No text, no logo, no brand name, no watermark, no people."
P84,the-dream-ceramic-pot.jpg,The Dream Ceramic Pot,pots,"Professional e-commerce product photo, square 1:1, 4K, ultra-realistic. A smooth round glossy ceramic pot in grey, standing on a natural wooden slab table, with large softly blurred green monstera leaves in the background, soft natural daylight, shallow depth of field. The pot is empty, clean and shown in full with some empty space around it, centred. No text, no logo, no brand name, no watermark, no people."
P85,macrame-two-layer-hanger.jpg,Macrame Two Layer Hanger,pots,"Professional e-commerce product photo, square 1:1, 4K, ultra-realistic. A two-layer cream cotton macrame plant hanger holding two pots one above the other, each holding a plain white round pot with a trailing green money plant, hanging against a soft off-white wall with blurred green plants, soft natural daylight, whole hanger in frame and centred. No text, no logo, no brand name, no watermark, no people."
P86,macrame-single-layer-hanger.jpg,Macrame Single Layer Hanger,pots,"Professional e-commerce product photo, square 1:1, 4K, ultra-realistic. A single-layer cream cotton macrame plant hanger, each holding a plain white round pot with a trailing green money plant, hanging against a soft off-white wall with blurred green plants, soft natural daylight, whole hanger in frame and centred. No text, no logo, no brand name, no watermark, no people."
P87,macrame-three-layer-hanger.jpg,Macrame Three Layer Hanger,pots,"Professional e-commerce product photo, square 1:1, 4K, ultra-realistic. A three-layer cream cotton macrame plant hanger holding three pots one above the other, each holding a plain white round pot with a trailing green money plant, hanging against a soft off-white wall with blurred green plants, soft natural daylight, whole hanger in frame and centred. No text, no logo, no brand name, no watermark, no people."
P88,3-tier-elevate-metal-plant-stand.jpg,3-Tier Elevate Metal Plant Stand,pots,"Professional e-commerce product photo, square 1:1, 4K, ultra-realistic. A 3-tier white metal plant stand with round rings at three heights, holding a few small green plants in plain white pots, on a light wooden floor against a soft off-white wall with a few blurred green plants, soft natural daylight. The whole product is in frame and centred. No text, no logo, no brand name, no watermark, no people."
P89,rolling-plant-stand-black.jpg,Rolling Plant Stand - Black,pots,"Professional e-commerce product photo, square 1:1, 4K, ultra-realistic. A set of 2 round black metal plant caddies on small wheels, holding a few small green plants in plain white pots, on a light wooden floor against a soft off-white wall with a few blurred green plants, soft natural daylight. The whole product is in frame and centred. No text, no logo, no brand name, no watermark, no people."
P90,rolling-plant-stand-white.jpg,Rolling Plant Stand - White,pots,"Professional e-commerce product photo, square 1:1, 4K, ultra-realistic. A round white metal plant stand (without wheels), holding a few small green plants in plain white pots, on a light wooden floor against a soft off-white wall with a few blurred green plants, soft natural daylight. The whole product is in frame and centred. No text, no logo, no brand name, no watermark, no people."
P91,2-tier-elevate-metal-plant-stand.jpg,2-Tier Elevate Metal Plant Stand,pots,"Professional e-commerce product photo, square 1:1, 4K, ultra-realistic. A 2-tier white metal plant stand with round rings at two heights, holding a few small green plants in plain white pots, on a light wooden floor against a soft off-white wall with a few blurred green plants, soft natural daylight. The whole product is in frame and centred. No text, no logo, no brand name, no watermark, no people."
P92,garden-plants-stand-set-of-4.jpg,Garden Plants Stand (Set of 4),pots,"Professional e-commerce product photo, square 1:1, 4K, ultra-realistic. A set of 4 black metal plant stands in different heights, holding a few small green plants in plain white pots, on a light wooden floor against a soft off-white wall with a few blurred green plants, soft natural daylight. The whole product is in frame and centred. No text, no logo, no brand name, no watermark, no people."
P93,arc-round-metal-plant-stand.jpg,Arc Round Metal Plant Stand,pots,"Professional e-commerce product photo, square 1:1, 4K, ultra-realistic. A curved arc-shaped black metal plant stand holding 6 pots in a row, holding a few small green plants in plain white pots, on a light wooden floor against a soft off-white wall with a few blurred green plants, soft natural daylight. The whole product is in frame and centred. No text, no logo, no brand name, no watermark, no people."
P94,metal-plant-stands-with-wheels-set-of-2.jpg,Metal Plant Stands with Wheels - Set of 2,pots,"Professional e-commerce product photo, square 1:1, 4K, ultra-realistic. A set of 2 round white metal plant stands on wheels, holding a few small green plants in plain white pots, on a light wooden floor against a soft off-white wall with a few blurred green plants, soft natural daylight. The whole product is in frame and centred. No text, no logo, no brand name, no watermark, no people."
P95,wooden-plant-stand-with-wheels.jpg,Wooden Plant Stand with Wheels,pots,"Professional e-commerce product photo, square 1:1, 4K, ultra-realistic. A square natural wooden plant stand on small wheels, holding a few small green plants in plain white pots, on a light wooden floor against a soft off-white wall with a few blurred green plants, soft natural daylight. The whole product is in frame and centred. No text, no logo, no brand name, no watermark, no people."
P96,elevate-plant-stand-set-of-2.jpg,Elevate Plant Stand - Set of 2,pots,"Professional e-commerce product photo, square 1:1, 4K, ultra-realistic. A set of 2 minimal white metal plant stands in two heights, holding a few small green plants in plain white pots, on a light wooden floor against a soft off-white wall with a few blurred green plants, soft natural daylight. The whole product is in frame and centred. No text, no logo, no brand name, no watermark, no people."
P97,trillum-wooden-stand.jpg,Trillum Wooden Stand,pots,"Professional e-commerce product photo, square 1:1, 4K, ultra-realistic. A three-level natural wooden plant stand, holding a few small green plants in plain white pots, on a light wooden floor against a soft off-white wall with a few blurred green plants, soft natural daylight. The whole product is in frame and centred. No text, no logo, no brand name, no watermark, no people."
P98,pyramid-wooden-stand.jpg,Pyramid Wooden Stand,pots,"Professional e-commerce product photo, square 1:1, 4K, ultra-realistic. A pyramid-shaped natural wooden plant stand with stepped shelves, holding a few small green plants in plain white pots, on a light wooden floor against a soft off-white wall with a few blurred green plants, soft natural daylight. The whole product is in frame and centred. No text, no logo, no brand name, no watermark, no people."
P99,verdant-metal-plant-stand.jpg,Verdant Metal Plant Stand,pots,"Professional e-commerce product photo, square 1:1, 4K, ultra-realistic. A tall slim black metal plant stand with a round top ring, holding a few small green plants in plain white pots, on a light wooden floor against a soft off-white wall with a few blurred green plants, soft natural daylight. The whole product is in frame and centred. No text, no logo, no brand name, no watermark, no people."
P100,hanging-plant-stands-set-of-2.jpg,Hanging Plant Stands - Set of 2,pots,"Professional e-commerce product photo, square 1:1, 4K, ultra-realistic. A set of 2 black metal hanging plant stands with a hook arm, holding a few small green plants in plain white pots, on a light wooden floor against a soft off-white wall with a few blurred green plants, soft natural daylight. The whole product is in frame and centred. No text, no logo, no brand name, no watermark, no people."
P101,concave-wall-mounting-planter.jpg,Concave Wall Mounting Planter,pots,"Professional e-commerce product photo, square 1:1, 4K, ultra-realistic. A concave half-round plastic wall-mounting planter fixed on a wall, holding a few small green plants in plain white pots, on a light wooden floor against a soft off-white wall with a few blurred green plants, soft natural daylight. The whole product is in frame and centred. No text, no logo, no brand name, no watermark, no people."
P102,corner-plant-stand.jpg,Corner Plant Stand,pots,"Professional e-commerce product photo, square 1:1, 4K, ultra-realistic. A black metal corner plant stand with several quarter-round shelves, holding a few small green plants in plain white pots, on a light wooden floor against a soft off-white wall with a few blurred green plants, soft natural daylight. The whole product is in frame and centred. No text, no logo, no brand name, no watermark, no people."
P103,metal-plant-stands-with-drip-tray-holder-set-of-4.jpg,Metal Plant Stands with Drip-tray Holder - Set of 4,pots,"Professional e-commerce product photo, square 1:1, 4K, ultra-realistic. A set of 4 black metal plant stands, each with a built-in drip tray holder, holding a few small green plants in plain white pots, on a light wooden floor against a soft off-white wall with a few blurred green plants, soft natural daylight. The whole product is in frame and centred. No text, no logo, no brand name, no watermark, no people."
P104,trellis-plant-support-stands-set-of-3.jpg,Trellis Plant Support Stands - Set of 3,pots,"Professional e-commerce product photo, square 1:1, 4K, ultra-realistic. A set of 3 black metal trellis plant support stands pushed into pots, holding a few small green plants in plain white pots, on a light wooden floor against a soft off-white wall with a few blurred green plants, soft natural daylight. The whole product is in frame and centred. No text, no logo, no brand name, no watermark, no people."
P105,harmony-forge-metal-plant-stand-set-of-6.jpg,Harmony Forge Metal Plant Stand - Set of 6,pots,"Professional e-commerce product photo, square 1:1, 4K, ultra-realistic. A set of 6 matching black metal plant stands in graduated heights, holding a few small green plants in plain white pots, on a light wooden floor against a soft off-white wall with a few blurred green plants, soft natural daylight. The whole product is in frame and centred. No text, no logo, no brand name, no watermark, no people."
P106,swirl-decorative-plant-stand-set-of-2-black.jpg,Swirl Decorative Plant Stand - Set of 2 - Black,pots,"Professional e-commerce product photo, square 1:1, 4K, ultra-realistic. A set of 2 decorative black metal plant stands with swirl scroll legs, holding a few small green plants in plain white pots, on a light wooden floor against a soft off-white wall with a few blurred green plants, soft natural daylight. The whole product is in frame and centred. No text, no logo, no brand name, no watermark, no people."
P107,swirl-decorative-plant-stand-set-of-2-white.jpg,Swirl Decorative Plant Stand - Set of 2 - White,pots,"Professional e-commerce product photo, square 1:1, 4K, ultra-realistic. A set of 2 decorative white metal plant stands with swirl scroll legs, holding a few small green plants in plain white pots, on a light wooden floor against a soft off-white wall with a few blurred green plants, soft natural daylight. The whole product is in frame and centred. No text, no logo, no brand name, no watermark, no people."
P108,premium-plants-stand.jpg,Premium Plants Stand,pots,"Professional e-commerce product photo, square 1:1, 4K, ultra-realistic. A set of 2 premium black metal plant stands with round rings in two heights, holding a few small green plants in plain white pots, on a light wooden floor against a soft off-white wall with a few blurred green plants, soft natural daylight. The whole product is in frame and centred. No text, no logo, no brand name, no watermark, no people."
C1,featherlite.jpg,Featherlite,care,"Professional e-commerce product photo, square 1:1, 4K, ultra-realistic. A plain kraft-paper stand-up pouch of light, fluffy potting mix, with a small heap of the brown mix spilled in front, placed on a natural wooden table, with a small green potted plant and softly blurred green leaves in the background, soft natural daylight, sharp focus on the product, whole product in frame and centred. The packaging is plain and unbranded: no readable text, no logo, no brand name, no watermark, no people."
C2,instagrow-npk-19-19-19-fertilizer-500-g.jpg,Instagrow NPK 19:19:19 Fertilizer (500 g),care,"Professional e-commerce product photo, square 1:1, 4K, ultra-realistic. A plain white stand-up pouch of water-soluble NPK fertilizer, with a small heap of fine white crystals in front, placed on a natural wooden table, with a small green potted plant and softly blurred green leaves in the background, soft natural daylight, sharp focus on the product, whole product in frame and centred. The packaging is plain and unbranded: no readable text, no logo, no brand name, no watermark, no people."
C3,hand-trigger-pump-500-ml.jpg,Hand Trigger Pump - 500 ml,care,"Professional e-commerce product photo, square 1:1, 4K, ultra-realistic. A translucent 500 ml plastic hand trigger spray bottle, lying on a natural wooden garden table with a little loose soil and a small green potted plant beside it, softly blurred green leaves in the background, soft natural daylight, sharp focus, whole tool in frame. No text, no logo, no brand name, no watermark, no people."
C4,vermicompost.jpg,Vermicompost,care,"Professional e-commerce product photo, square 1:1, 4K, ultra-realistic. A plain kraft-paper stand-up pouch of vermicompost, with a small heap of dark crumbly compost in front, placed on a natural wooden table, with a small green potted plant and softly blurred green leaves in the background, soft natural daylight, sharp focus on the product, whole product in frame and centred. The packaging is plain and unbranded: no readable text, no logo, no brand name, no watermark, no people."
C5,neem-oil-100-ml.jpg,Neem Oil - 100 ml,care,"Professional e-commerce product photo, square 1:1, 4K, ultra-realistic. A small plain amber glass bottle of neem oil (100 ml), with a few neem leaves beside it, placed on a natural wooden table, with a small green potted plant and softly blurred green leaves in the background, soft natural daylight, sharp focus on the product, whole product in frame and centred. The packaging is plain and unbranded: no readable text, no logo, no brand name, no watermark, no people."
C6,epsom-salt-1-kg.jpg,Epsom Salt - 1 kg,care,"Professional e-commerce product photo, square 1:1, 4K, ultra-realistic. A plain white stand-up pouch of Epsom salt, with a small heap of clear salt crystals in front, placed on a natural wooden table, with a small green potted plant and softly blurred green leaves in the background, soft natural daylight, sharp focus on the product, whole product in frame and centred. The packaging is plain and unbranded: no readable text, no logo, no brand name, no watermark, no people."
C7,neem-cake-powder-1-kg.jpg,Neem Cake Powder - 1 kg,care,"Professional e-commerce product photo, square 1:1, 4K, ultra-realistic. A plain kraft-paper stand-up pouch of neem cake powder, with a small heap of brown powder and neem leaves in front, placed on a natural wooden table, with a small green potted plant and softly blurred green leaves in the background, soft natural daylight, sharp focus on the product, whole product in frame and centred. The packaging is plain and unbranded: no readable text, no logo, no brand name, no watermark, no people."
C8,perlite-250-g.jpg,Perlite - 250 g,care,"Professional e-commerce product photo, square 1:1, 4K, ultra-realistic. A clear plain pouch of perlite, with a small heap of white perlite granules in front, placed on a natural wooden table, with a small green potted plant and softly blurred green leaves in the background, soft natural daylight, sharp focus on the product, whole product in frame and centred. The packaging is plain and unbranded: no readable text, no logo, no brand name, no watermark, no people."
C9,cocopeat-block.jpg,Cocopeat Block,care,"Professional e-commerce product photo, square 1:1, 4K, ultra-realistic. A compressed brown cocopeat block, with some loose fluffy cocopeat beside it, placed on a natural wooden table, with a small green potted plant and softly blurred green leaves in the background, soft natural daylight, sharp focus on the product, whole product in frame and centred. The packaging is plain and unbranded: no readable text, no logo, no brand name, no watermark, no people."
C10,cow-manure.jpg,Cow Manure,care,"Professional e-commerce product photo, square 1:1, 4K, ultra-realistic. A plain kraft-paper stand-up pouch of dried cow manure, with a small heap of dark organic manure in front, placed on a natural wooden table, with a small green potted plant and softly blurred green leaves in the background, soft natural daylight, sharp focus on the product, whole product in frame and centred. The packaging is plain and unbranded: no readable text, no logo, no brand name, no watermark, no people."
C11,bone-meal-1-kg.jpg,Bone Meal - 1 kg,care,"Professional e-commerce product photo, square 1:1, 4K, ultra-realistic. A plain kraft-paper stand-up pouch of bone meal, with a small heap of pale beige powder in front, placed on a natural wooden table, with a small green potted plant and softly blurred green leaves in the background, soft natural daylight, sharp focus on the product, whole product in frame and centred. The packaging is plain and unbranded: no readable text, no logo, no brand name, no watermark, no people."
C12,garden-red-soil.jpg,Garden Red Soil,care,"Professional e-commerce product photo, square 1:1, 4K, ultra-realistic. A plain kraft-paper bag of red garden soil, with a small heap of reddish-brown soil in front, placed on a natural wooden table, with a small green potted plant and softly blurred green leaves in the background, soft natural daylight, sharp focus on the product, whole product in frame and centred. The packaging is plain and unbranded: no readable text, no logo, no brand name, no watermark, no people."
C13,bent-scraper.jpg,Bent Scraper,care,"Professional e-commerce product photo, square 1:1, 4K, ultra-realistic. A small bent garden scraper hand tool with a green handle, lying on a natural wooden garden table with a little loose soil and a small green potted plant beside it, softly blurred green leaves in the background, soft natural daylight, sharp focus, whole tool in frame. No text, no logo, no brand name, no watermark, no people."
C14,transplanter-with-pvc-handle.jpg,Transplanter with PVC Handle,care,"Professional e-commerce product photo, square 1:1, 4K, ultra-realistic. A narrow garden transplanter trowel with depth markings and a green PVC handle, lying on a natural wooden garden table with a little loose soil and a small green potted plant beside it, softly blurred green leaves in the background, soft natural daylight, sharp focus, whole tool in frame. No text, no logo, no brand name, no watermark, no people."
C15,trowel-with-pvc-handle.jpg,Trowel with PVC Handle,care,"Professional e-commerce product photo, square 1:1, 4K, ultra-realistic. A garden hand trowel with a steel blade and a green PVC handle, lying on a natural wooden garden table with a little loose soil and a small green potted plant beside it, softly blurred green leaves in the background, soft natural daylight, sharp focus, whole tool in frame. No text, no logo, no brand name, no watermark, no people."
C16,cultivator-with-pvc-handle.jpg,Cultivator with PVC Handle,care,"Professional e-commerce product photo, square 1:1, 4K, ultra-realistic. A three-prong garden hand cultivator with a green PVC handle, lying on a natural wooden garden table with a little loose soil and a small green potted plant beside it, softly blurred green leaves in the background, soft natural daylight, sharp focus, whole tool in frame. No text, no logo, no brand name, no watermark, no people."
C17,single-prong-weeder-with-pvc-handle.jpg,Single Prong Weeder with PVC Handle,care,"Professional e-commerce product photo, square 1:1, 4K, ultra-realistic. A single-prong garden hand weeder with a green PVC handle, lying on a natural wooden garden table with a little loose soil and a small green potted plant beside it, softly blurred green leaves in the background, soft natural daylight, sharp focus, whole tool in frame. No text, no logo, no brand name, no watermark, no people."
C18,straight-blade-cutter-d-handle.jpg,Straight Blade Cutter - D Handle,care,"Professional e-commerce product photo, square 1:1, 4K, ultra-realistic. A straight-blade garden cutter with a D-shaped handle, lying on a natural wooden garden table with a little loose soil and a small green potted plant beside it, softly blurred green leaves in the background, soft natural daylight, sharp focus, whole tool in frame. No text, no logo, no brand name, no watermark, no people."
C19,mustard-cake-powder.jpg,Mustard Cake Powder,care,"Professional e-commerce product photo, square 1:1, 4K, ultra-realistic. A plain kraft-paper stand-up pouch of mustard cake powder, with a small heap of brown powder in front, placed on a natural wooden table, with a small green potted plant and softly blurred green leaves in the background, soft natural daylight, sharp focus on the product, whole product in frame and centred. The packaging is plain and unbranded: no readable text, no logo, no brand name, no watermark, no people."
C20,neem-oil-250-ml.jpg,Neem Oil - 250 ml,care,"Professional e-commerce product photo, square 1:1, 4K, ultra-realistic. A plain amber glass bottle of neem oil (250 ml), with a few neem leaves beside it, placed on a natural wooden table, with a small green potted plant and softly blurred green leaves in the background, soft natural daylight, sharp focus on the product, whole product in frame and centred. The packaging is plain and unbranded: no readable text, no logo, no brand name, no watermark, no people."
C21,leafresh-plant-shampoo-100-ml.jpg,Leafresh Plant Shampoo - 100 ml,care,"Professional e-commerce product photo, square 1:1, 4K, ultra-realistic. A small plain white spray bottle of leaf-shine plant shampoo (100 ml), next to a glossy green leaf, placed on a natural wooden table, with a small green potted plant and softly blurred green leaves in the background, soft natural daylight, sharp focus on the product, whole product in frame and centred. The packaging is plain and unbranded: no readable text, no logo, no brand name, no watermark, no people."
C22,double-prong-weeder.jpg,Double Prong Weeder,care,"Professional e-commerce product photo, square 1:1, 4K, ultra-realistic. A double-prong garden hand weeder with a wooden handle, lying on a natural wooden garden table with a little loose soil and a small green potted plant beside it, softly blurred green leaves in the background, soft natural daylight, sharp focus, whole tool in frame. No text, no logo, no brand name, no watermark, no people."
C23,single-prong-weeder.jpg,Single Prong Weeder,care,"Professional e-commerce product photo, square 1:1, 4K, ultra-realistic. A single-prong garden hand weeder with a wooden handle, lying on a natural wooden garden table with a little loose soil and a small green potted plant beside it, softly blurred green leaves in the background, soft natural daylight, sharp focus, whole tool in frame. No text, no logo, no brand name, no watermark, no people."
C24,dedbug-thiamethoxam-30-fs-100-ml.jpg,DedBug Thiamethoxam 30% FS - 100 ml,care,"Professional e-commerce product photo, square 1:1, 4K, ultra-realistic. A small plain white plastic bottle of liquid insecticide (100 ml) with a child-safe cap, placed on a natural wooden table, with a small green potted plant and softly blurred green leaves in the background, soft natural daylight, sharp focus on the product, whole product in frame and centred. The packaging is plain and unbranded: no readable text, no logo, no brand name, no watermark, no people."
C25,lucky-bamboo-fertilizer.jpg,Lucky Bamboo Fertilizer,care,"Professional e-commerce product photo, square 1:1, 4K, ultra-realistic. A small plain 50 ml dropper bottle of liquid fertilizer, beside a lucky bamboo in a glass bowl, placed on a natural wooden table, with a small green potted plant and softly blurred green leaves in the background, soft natural daylight, sharp focus on the product, whole product in frame and centred. The packaging is plain and unbranded: no readable text, no logo, no brand name, no watermark, no people."
C26,bio-dap-fertilizer-for-plants.jpg,Bio DAP Fertilizer for Plants,care,"Professional e-commerce product photo, square 1:1, 4K, ultra-realistic. A plain kraft-paper stand-up pouch of organic granular fertilizer, with a small heap of brown granules in front, placed on a natural wooden table, with a small green potted plant and softly blurred green leaves in the background, soft natural daylight, sharp focus on the product, whole product in frame and centred. The packaging is plain and unbranded: no readable text, no logo, no brand name, no watermark, no people."
C27,humic-acid-ready-to-use-spray-500-ml.jpg,Humic Acid Ready-to-Use Spray - 500 ml,care,"Professional e-commerce product photo, square 1:1, 4K, ultra-realistic. A plain 500 ml trigger spray bottle filled with dark brown liquid, placed on a natural wooden table, with a small green potted plant and softly blurred green leaves in the background, soft natural daylight, sharp focus on the product, whole product in frame and centred. The packaging is plain and unbranded: no readable text, no logo, no brand name, no watermark, no people."
C28,mistio-sprayer-for-plants.jpg,Mistio Sprayer for Plants,care,"Professional e-commerce product photo, square 1:1, 4K, ultra-realistic. A sleek matte black fine-mist plant sprayer bottle, lying on a natural wooden garden table with a little loose soil and a small green potted plant beside it, softly blurred green leaves in the background, soft natural daylight, sharp focus, whole tool in frame. No text, no logo, no brand name, no watermark, no people."
C29,instagrow-npk-00-52-34-fertilizer-250-g.jpg,Instagrow NPK 00:52:34 Fertilizer (250 g),care,"Professional e-commerce product photo, square 1:1, 4K, ultra-realistic. A small plain white stand-up pouch of water-soluble fertilizer, with a small heap of fine white crystals in front, placed on a natural wooden table, with a small green potted plant and softly blurred green leaves in the background, soft natural daylight, sharp focus on the product, whole product in frame and centred. The packaging is plain and unbranded: no readable text, no logo, no brand name, no watermark, no people."
C30,instagrow-npk-12-61-00-fertilizer-250-g.jpg,Instagrow NPK 12:61:00 Fertilizer (250 g),care,"Professional e-commerce product photo, square 1:1, 4K, ultra-realistic. A small plain white stand-up pouch of water-soluble fertilizer, with a small heap of fine white crystals in front, placed on a natural wooden table, with a small green potted plant and softly blurred green leaves in the background, soft natural daylight, sharp focus on the product, whole product in frame and centred. The packaging is plain and unbranded: no readable text, no logo, no brand name, no watermark, no people."
C31,instagrow-npk-13-00-45-fertilizer-250-g.jpg,Instagrow NPK 13:00:45 Fertilizer (250 g),care,"Professional e-commerce product photo, square 1:1, 4K, ultra-realistic. A small plain white stand-up pouch of water-soluble fertilizer, with a small heap of fine white crystals in front, placed on a natural wooden table, with a small green potted plant and softly blurred green leaves in the background, soft natural daylight, sharp focus on the product, whole product in frame and centred. The packaging is plain and unbranded: no readable text, no logo, no brand name, no watermark, no people."
C32,double-edge-sickle.jpg,Double-Edge Sickle,care,"Professional e-commerce product photo, square 1:1, 4K, ultra-realistic. A double-edge curved garden sickle with a wooden handle, lying on a natural wooden garden table with a little loose soil and a small green potted plant beside it, softly blurred green leaves in the background, soft natural daylight, sharp focus, whole tool in frame. No text, no logo, no brand name, no watermark, no people."
C33,pressure-spray-pump-1-litre.jpg,Pressure Spray Pump - 1 Litre,care,"Professional e-commerce product photo, square 1:1, 4K, ultra-realistic. A 1 litre translucent pressure spray pump with a top pump handle and nozzle, lying on a natural wooden garden table with a little loose soil and a small green potted plant beside it, softly blurred green leaves in the background, soft natural daylight, sharp focus, whole tool in frame. No text, no logo, no brand name, no watermark, no people."
C34,mealy-shield-100-ml.jpg,Mealy Shield - 100 ml,care,"Professional e-commerce product photo, square 1:1, 4K, ultra-realistic. A small plain white 100 ml bottle of plant-protection liquid, placed on a natural wooden table, with a small green potted plant and softly blurred green leaves in the background, soft natural daylight, sharp focus on the product, whole product in frame and centred. The packaging is plain and unbranded: no readable text, no logo, no brand name, no watermark, no people."
C35,single-edge-sickle.jpg,Single-Edge Sickle,care,"Professional e-commerce product photo, square 1:1, 4K, ultra-realistic. A single-edge curved garden sickle with a wooden handle, lying on a natural wooden garden table with a little loose soil and a small green potted plant beside it, softly blurred green leaves in the background, soft natural daylight, sharp focus, whole tool in frame. No text, no logo, no brand name, no watermark, no people."
C36,plant-food-fertilizer-green-sticks-for-all-plants.jpg,Plant Food Fertilizer Green Sticks for All Plants,care,"Professional e-commerce product photo, square 1:1, 4K, ultra-realistic. A pack of green fertilizer sticks, with a few sticks pushed into the soil of a small potted plant, placed on a natural wooden table, with a small green potted plant and softly blurred green leaves in the background, soft natural daylight, sharp focus on the product, whole product in frame and centred. The packaging is plain and unbranded: no readable text, no logo, no brand name, no watermark, no people."
C37,plant-food-fertilizer-bloom-sticks-for-flowering-plants.jpg,Plant Food Fertilizer Bloom Sticks for Flowering Plants,care,"Professional e-commerce product photo, square 1:1, 4K, ultra-realistic. A pack of pink fertilizer sticks, with a few sticks pushed into the soil of a small flowering potted plant, placed on a natural wooden table, with a small green potted plant and softly blurred green leaves in the background, soft natural daylight, sharp focus on the product, whole product in frame and centred. The packaging is plain and unbranded: no readable text, no logo, no brand name, no watermark, no people."
C38,neem-guard-ready-to-use-neem-oil-spray-500-ml.jpg,Neem Guard Ready-to-Use Neem Oil Spray - 500 ml,care,"Professional e-commerce product photo, square 1:1, 4K, ultra-realistic. A plain 500 ml trigger spray bottle of neem oil spray, with a few neem leaves beside it, placed on a natural wooden table, with a small green potted plant and softly blurred green leaves in the background, soft natural daylight, sharp focus on the product, whole product in frame and centred. The packaging is plain and unbranded: no readable text, no logo, no brand name, no watermark, no people."
C39,ant-gel-repellent-50-ml.jpg,Ant Gel Repellent - 50 ml,care,"Professional e-commerce product photo, square 1:1, 4K, ultra-realistic. A small plain 50 ml syringe-style tube of ant gel, placed on a natural wooden table, with a small green potted plant and softly blurred green leaves in the background, soft natural daylight, sharp focus on the product, whole product in frame and centred. The packaging is plain and unbranded: no readable text, no logo, no brand name, no watermark, no people."
C40,plant-booster-set-of-3.jpg,Plant Booster - Set of 3,care,"Professional e-commerce product photo, square 1:1, 4K, ultra-realistic. A set of 3 small plain plant booster bottles in a row, placed on a natural wooden table, with a small green potted plant and softly blurred green leaves in the background, soft natural daylight, sharp focus on the product, whole product in frame and centred. The packaging is plain and unbranded: no readable text, no logo, no brand name, no watermark, no people."
C41,self-watering-spikes.jpg,Self Watering Spikes,care,"Professional e-commerce product photo, square 1:1, 4K, ultra-realistic. A set of 6 terracotta self-watering spikes, one of them fitted with an upturned water bottle in a pot, lying on a natural wooden garden table with a little loose soil and a small green potted plant beside it, softly blurred green leaves in the background, soft natural daylight, sharp focus, whole tool in frame. No text, no logo, no brand name, no watermark, no people."
C42,gardening-hand-gloves.jpg,Gardening Hand Gloves,care,"Professional e-commerce product photo, square 1:1, 4K, ultra-realistic. A pair of green and grey gardening hand gloves, lying on a natural wooden garden table with a little loose soil and a small green potted plant beside it, softly blurred green leaves in the background, soft natural daylight, sharp focus, whole tool in frame. No text, no logo, no brand name, no watermark, no people."
C43,wall-mounted-hose-holder.jpg,Wall Mounted Hose Holder,care,"Professional e-commerce product photo, square 1:1, 4K, ultra-realistic. A wall-mounted garden hose holder with a green hose neatly coiled on it, lying on a natural wooden garden table with a little loose soil and a small green potted plant beside it, softly blurred green leaves in the background, soft natural daylight, sharp focus, whole tool in frame. No text, no logo, no brand name, no watermark, no people."
C44,coco-peat-coins.jpg,Coco Peat Coins,care,"Professional e-commerce product photo, square 1:1, 4K, ultra-realistic. A small pile of flat compressed coco peat coins, with one expanded coin beside them, placed on a natural wooden table, with a small green potted plant and softly blurred green leaves in the background, soft natural daylight, sharp focus on the product, whole product in frame and centred. The packaging is plain and unbranded: no readable text, no logo, no brand name, no watermark, no people."
C45,compostart.jpg,Compostart,care,"Professional e-commerce product photo, square 1:1, 4K, ultra-realistic. A plain kraft-paper pouch of compost starter powder next to a small bin of kitchen scraps and compost, placed on a natural wooden table, with a small green potted plant and softly blurred green leaves in the background, soft natural daylight, sharp focus on the product, whole product in frame and centred. The packaging is plain and unbranded: no readable text, no logo, no brand name, no watermark, no people."
C46,plant-food-fertilizer-sticks-rootmaster.jpg,Plant Food Fertilizer Sticks - Rootmaster,care,"Professional e-commerce product photo, square 1:1, 4K, ultra-realistic. A pack of brown root fertilizer sticks, with a few sticks beside a small potted plant, placed on a natural wooden table, with a small green potted plant and softly blurred green leaves in the background, soft natural daylight, sharp focus on the product, whole product in frame and centred. The packaging is plain and unbranded: no readable text, no logo, no brand name, no watermark, no people."
C47,black-polished-pebbles-1-kg.jpg,Black Polished Pebbles - 1 kg,care,"Professional e-commerce product photo, square 1:1, 4K, ultra-realistic. A small heap of glossy black polished pebbles, a few scattered around a potted plant, placed on a natural wooden table, with a small green potted plant and softly blurred green leaves in the background, soft natural daylight, sharp focus on the product, whole product in frame and centred. The packaging is plain and unbranded: no readable text, no logo, no brand name, no watermark, no people."
C48,white-pebbles-1-kg.jpg,White Pebbles - 1 kg,care,"Professional e-commerce product photo, square 1:1, 4K, ultra-realistic. A small heap of smooth white decorative pebbles, a few scattered around a potted plant, placed on a natural wooden table, with a small green potted plant and softly blurred green leaves in the background, soft natural daylight, sharp focus on the product, whole product in frame and centred. The packaging is plain and unbranded: no readable text, no logo, no brand name, no watermark, no people."
C49,garden-soil-mix.jpg,Garden Soil Mix,care,"Professional e-commerce product photo, square 1:1, 4K, ultra-realistic. A plain kraft-paper bag of garden soil mix, with a small heap of dark rich soil in front, placed on a natural wooden table, with a small green potted plant and softly blurred green leaves in the background, soft natural daylight, sharp focus on the product, whole product in frame and centred. The packaging is plain and unbranded: no readable text, no logo, no brand name, no watermark, no people."
C50,handy-bypass-pruner.jpg,Handy Bypass Pruner,care,"Professional e-commerce product photo, square 1:1, 4K, ultra-realistic. A compact bypass pruning shear with green handles, lying on a natural wooden garden table with a little loose soil and a small green potted plant beside it, softly blurred green leaves in the background, soft natural daylight, sharp focus, whole tool in frame. No text, no logo, no brand name, no watermark, no people."
C51,hand-trigger-pump-1-litre.jpg,Hand Trigger Pump - 1 Litre,care,"Professional e-commerce product photo, square 1:1, 4K, ultra-realistic. A translucent 1 litre plastic hand trigger spray bottle, lying on a natural wooden garden table with a little loose soil and a small green potted plant beside it, softly blurred green leaves in the background, soft natural daylight, sharp focus, whole tool in frame. No text, no logo, no brand name, no watermark, no people."
C52,allstriker-propoxur-20-ec-100-ml.jpg,Allstriker Propoxur 20% EC - 100 ml,care,"Professional e-commerce product photo, square 1:1, 4K, ultra-realistic. A small plain white plastic bottle of liquid insecticide (100 ml) with a child-safe cap, placed on a natural wooden table, with a small green potted plant and softly blurred green leaves in the background, soft natural daylight, sharp focus on the product, whole product in frame and centred. The packaging is plain and unbranded: no readable text, no logo, no brand name, no watermark, no people."
C53,handy-clipper.jpg,Handy Clipper,care,"Professional e-commerce product photo, square 1:1, 4K, ultra-realistic. A small handy garden clipper with spring-loaded handles, lying on a natural wooden garden table with a little loose soil and a small green potted plant beside it, softly blurred green leaves in the background, soft natural daylight, sharp focus, whole tool in frame. No text, no logo, no brand name, no watermark, no people."
C54,organic-veggie-mix-5-kg.jpg,Organic Veggie Mix - 5 kg,care,"Professional e-commerce product photo, square 1:1, 4K, ultra-realistic. A plain kraft-paper bag of organic vegetable potting mix, with a small heap of dark soil and a tiny vegetable seedling in front, placed on a natural wooden table, with a small green potted plant and softly blurred green leaves in the background, soft natural daylight, sharp focus on the product, whole product in frame and centred. The packaging is plain and unbranded: no readable text, no logo, no brand name, no watermark, no people."
C55,heavy-duty-bent-scraper.jpg,Heavy Duty Bent Scraper,care,"Professional e-commerce product photo, square 1:1, 4K, ultra-realistic. A heavy-duty bent garden scraper hand tool with a sturdy handle, lying on a natural wooden garden table with a little loose soil and a small green potted plant beside it, softly blurred green leaves in the background, soft natural daylight, sharp focus, whole tool in frame. No text, no logo, no brand name, no watermark, no people."
C56,neem-cake-powder-5-kg.jpg,Neem Cake Powder - 5 kg,care,"Professional e-commerce product photo, square 1:1, 4K, ultra-realistic. A large plain kraft-paper bag of neem cake powder, with a small heap of brown powder in front, placed on a natural wooden table, with a small green potted plant and softly blurred green leaves in the background, soft natural daylight, sharp focus on the product, whole product in frame and centred. The packaging is plain and unbranded: no readable text, no logo, no brand name, no watermark, no people."
C57,bone-meal-fertilizer-5-kg.jpg,Bone Meal Fertilizer - 5 kg,care,"Professional e-commerce product photo, square 1:1, 4K, ultra-realistic. A large plain kraft-paper bag of bone meal fertilizer, with a small heap of pale beige powder in front, placed on a natural wooden table, with a small green potted plant and softly blurred green leaves in the background, soft natural daylight, sharp focus on the product, whole product in frame and centred. The packaging is plain and unbranded: no readable text, no logo, no brand name, no watermark, no people."
C58,cactus-succulent-potting-mix-5-kg.jpg,Cactus & Succulent Potting Mix - 5 kg,care,"Professional e-commerce product photo, square 1:1, 4K, ultra-realistic. A plain kraft-paper bag of gritty cactus and succulent potting mix, with a small heap of the gritty mix and a small succulent in front, placed on a natural wooden table, with a small green potted plant and softly blurred green leaves in the background, soft natural daylight, sharp focus on the product, whole product in frame and centred. The packaging is plain and unbranded: no readable text, no logo, no brand name, no watermark, no people."
C59,hydrostone-leca-balls-6-litre.jpg,Hydrostone LECA Balls - 6 Litre,care,"Professional e-commerce product photo, square 1:1, 4K, ultra-realistic. A clear plain bag of round clay LECA balls, with a small heap of the orange-brown clay balls in front, placed on a natural wooden table, with a small green potted plant and softly blurred green leaves in the background, soft natural daylight, sharp focus on the product, whole product in frame and centred. The packaging is plain and unbranded: no readable text, no logo, no brand name, no watermark, no people."
C60,humic-acid-powder-fertilizer-1-kg.jpg,Humic Acid Powder Fertilizer - 1 kg,care,"Professional e-commerce product photo, square 1:1, 4K, ultra-realistic. A plain white stand-up pouch of humic acid powder, with a small heap of dark shiny flakes in front, placed on a natural wooden table, with a small green potted plant and softly blurred green leaves in the background, soft natural daylight, sharp focus on the product, whole product in frame and centred. The packaging is plain and unbranded: no readable text, no logo, no brand name, no watermark, no people."
C61,mini-garden-bonsai-tool-set.jpg,Mini Garden Bonsai Tool Set,care,"Professional e-commerce product photo, square 1:1, 4K, ultra-realistic. A mini bonsai garden tool set: small rake, trowel, shears and tweezers laid neatly side by side, lying on a natural wooden garden table with a little loose soil and a small green potted plant beside it, softly blurred green leaves in the background, soft natural daylight, sharp focus, whole tool in frame. No text, no logo, no brand name, no watermark, no people."
C62,mealybug-magic-spray-for-plant-protection.jpg,Mealybug Magic Spray for Plant Protection,care,"Professional e-commerce product photo, square 1:1, 4K, ultra-realistic. A plain 250 ml trigger spray bottle of plant-protection spray, placed on a natural wooden table, with a small green potted plant and softly blurred green leaves in the background, soft natural daylight, sharp focus on the product, whole product in frame and centred. The packaging is plain and unbranded: no readable text, no logo, no brand name, no watermark, no people."
C63,herbal-lizard-repellent-spray-200-ml.jpg,Herbal Lizard Repellent Spray - 200 ml,care,"Professional e-commerce product photo, square 1:1, 4K, ultra-realistic. A plain 200 ml spray bottle of herbal repellent, with a few herbs beside it, placed on a natural wooden table, with a small green potted plant and softly blurred green leaves in the background, soft natural daylight, sharp focus on the product, whole product in frame and centred. The packaging is plain and unbranded: no readable text, no logo, no brand name, no watermark, no people."
C64,herbal-black-red-ant-repellent-spray-200-ml.jpg,Herbal Black & Red Ant Repellent Spray - 200 ml,care,"Professional e-commerce product photo, square 1:1, 4K, ultra-realistic. A plain 200 ml spray bottle of herbal repellent, with a few herbs beside it, placed on a natural wooden table, with a small green potted plant and softly blurred green leaves in the background, soft natural daylight, sharp focus on the product, whole product in frame and centred. The packaging is plain and unbranded: no readable text, no logo, no brand name, no watermark, no people."
C65,herbal-cockroach-repellent-spray-200-ml.jpg,Herbal Cockroach Repellent Spray - 200 ml,care,"Professional e-commerce product photo, square 1:1, 4K, ultra-realistic. A plain 200 ml spray bottle of herbal repellent, with a few herbs beside it, placed on a natural wooden table, with a small green potted plant and softly blurred green leaves in the background, soft natural daylight, sharp focus on the product, whole product in frame and centred. The packaging is plain and unbranded: no readable text, no logo, no brand name, no watermark, no people."
C66,herbal-bedbug-repellent-spray-200-ml.jpg,Herbal Bedbug Repellent Spray - 200 ml,care,"Professional e-commerce product photo, square 1:1, 4K, ultra-realistic. A plain 200 ml spray bottle of herbal repellent, with a few herbs beside it, placed on a natural wooden table, with a small green potted plant and softly blurred green leaves in the background, soft natural daylight, sharp focus on the product, whole product in frame and centred. The packaging is plain and unbranded: no readable text, no logo, no brand name, no watermark, no people."
C67,blockroach-fipronil-0-05-gel-20-g.jpg,Blockroach Fipronil 0.05% Gel - 20 g,care,"Professional e-commerce product photo, square 1:1, 4K, ultra-realistic. A small plain 20 g syringe-style tube of gel bait, placed on a natural wooden table, with a small green potted plant and softly blurred green leaves in the background, soft natural daylight, sharp focus on the product, whole product in frame and centred. The packaging is plain and unbranded: no readable text, no logo, no brand name, no watermark, no people."
C68,pressure-spray-pump-2-litre-yellow-black.jpg,Pressure Spray Pump - 2 Litre (Yellow & Black),care,"Professional e-commerce product photo, square 1:1, 4K, ultra-realistic. A 2 litre yellow and black pressure spray pump with a pump handle and long nozzle, lying on a natural wooden garden table with a little loose soil and a small green potted plant beside it, softly blurred green leaves in the background, soft natural daylight, sharp focus, whole tool in frame. No text, no logo, no brand name, no watermark, no people."
C69,9-pattern-water-spray-gun.jpg,9 Pattern Water Spray Gun,care,"Professional e-commerce product photo, square 1:1, 4K, ultra-realistic. A garden hose spray gun with a 9-pattern rotating nozzle head, lying on a natural wooden garden table with a little loose soil and a small green potted plant beside it, softly blurred green leaves in the background, soft natural daylight, sharp focus, whole tool in frame. No text, no logo, no brand name, no watermark, no people."
C70,essential-soil-boost-kit.jpg,Essential Soil Boost Kit,care,"Professional e-commerce product photo, square 1:1, 4K, ultra-realistic. A kit of 3 small plain kraft-paper pouches of organic soil boosters arranged together, placed on a natural wooden table, with a small green potted plant and softly blurred green leaves in the background, soft natural daylight, sharp focus on the product, whole product in frame and centred. The packaging is plain and unbranded: no readable text, no logo, no brand name, no watermark, no people."
C71,heavy-duty-anvil-pruner.jpg,Heavy Duty Anvil Pruner,care,"Professional e-commerce product photo, square 1:1, 4K, ultra-realistic. A heavy-duty anvil pruning shear with red and black handles, lying on a natural wooden garden table with a little loose soil and a small green potted plant beside it, softly blurred green leaves in the background, soft natural daylight, sharp focus, whole tool in frame. No text, no logo, no brand name, no watermark, no people."
C72,high-pressure-water-spray-brass-nozzle.jpg,High Pressure Water Spray Brass Nozzle,care,"Professional e-commerce product photo, square 1:1, 4K, ultra-realistic. A solid brass high-pressure hose spray nozzle, lying on a natural wooden garden table with a little loose soil and a small green potted plant beside it, softly blurred green leaves in the background, soft natural daylight, sharp focus, whole tool in frame. No text, no logo, no brand name, no watermark, no people."
C73,moss-500-g.jpg,Moss - 500 g,care,"Professional e-commerce product photo, square 1:1, 4K, ultra-realistic. A small heap of dried natural sphagnum moss, placed on a natural wooden table, with a small green potted plant and softly blurred green leaves in the background, soft natural daylight, sharp focus on the product, whole product in frame and centred. The packaging is plain and unbranded: no readable text, no logo, no brand name, no watermark, no people."
C74,hand-rake-6-teeth.jpg,Hand Rake - 6 Teeth,care,"Professional e-commerce product photo, square 1:1, 4K, ultra-realistic. A small garden hand rake with 6 steel teeth and a wooden handle, lying on a natural wooden garden table with a little loose soil and a small green potted plant beside it, softly blurred green leaves in the background, soft natural daylight, sharp focus, whole tool in frame. No text, no logo, no brand name, no watermark, no people."
C75,plastic-impulse-sprinkler.jpg,Plastic Impulse Sprinkler,care,"Professional e-commerce product photo, square 1:1, 4K, ultra-realistic. A plastic impulse garden sprinkler on a spike stand, lying on a natural wooden garden table with a little loose soil and a small green potted plant beside it, softly blurred green leaves in the background, soft natural daylight, sharp focus, whole tool in frame. No text, no logo, no brand name, no watermark, no people."
C76,fruit-harvest-blade-with-nylon-net.jpg,Fruit Harvest Blade with Nylon Net,care,"Professional e-commerce product photo, square 1:1, 4K, ultra-realistic. A fruit harvesting blade head with a small nylon catch net, lying on a natural wooden garden table with a little loose soil and a small green potted plant beside it, softly blurred green leaves in the background, soft natural daylight, sharp focus, whole tool in frame. No text, no logo, no brand name, no watermark, no people."
C77,onyx-mixed-colours-polished-pebbles-1-kg.jpg,Onyx Mixed Colours Polished Pebbles - 1 kg,care,"Professional e-commerce product photo, square 1:1, 4K, ultra-realistic. A small heap of glossy polished onyx pebbles in mixed colours, placed on a natural wooden table, with a small green potted plant and softly blurred green leaves in the background, soft natural daylight, sharp focus on the product, whole product in frame and centred. The packaging is plain and unbranded: no readable text, no logo, no brand name, no watermark, no people."
C78,onyx-sea-blue-polished-pebbles-1-kg.jpg,Onyx Sea Blue Polished Pebbles - 1 kg,care,"Professional e-commerce product photo, square 1:1, 4K, ultra-realistic. A small heap of glossy polished sea-blue onyx pebbles, placed on a natural wooden table, with a small green potted plant and softly blurred green leaves in the background, soft natural daylight, sharp focus on the product, whole product in frame and centred. The packaging is plain and unbranded: no readable text, no logo, no brand name, no watermark, no people."
G1,corporate-desk-buddy-hamper.jpg,Desk Buddy Hamper,gifting,"Professional e-commerce product photo, square 1:1, 4K, ultra-realistic. A corporate plant gift hamper called ""Desk Buddy Hamper"" containing: Snake Plant (Golden Hahnii) in a white ceramic pot, Plant care card, Kraft gift box with ribbon, arranged on a natural wooden table with large softly blurred green monstera leaves in the background, soft natural daylight, premium corporate gift presentation, whole hamper in frame and centred. Pots and gift box carry a small round ""buddy4plant"" tree logo sticker. No other text, no other brand names, no watermark, no people."
G2,corporate-lucky-start-hamper.jpg,Lucky Start Hamper,gifting,"Professional e-commerce product photo, square 1:1, 4K, ultra-realistic. A corporate plant gift hamper called ""Lucky Start Hamper"" containing: 2-layer Lucky Bamboo in a glass bowl with pebbles, Good-luck message card, Gift box, arranged on a natural wooden table with large softly blurred green monstera leaves in the background, soft natural daylight, premium corporate gift presentation, whole hamper in frame and centred. Pots and gift box carry a small round ""buddy4plant"" tree logo sticker. No other text, no other brand names, no watermark, no people."
G3,corporate-green-welcome-kit.jpg,Green Welcome Kit,gifting,"Professional e-commerce product photo, square 1:1, 4K, ultra-realistic. A corporate plant gift hamper called ""Green Welcome Kit"" containing: Money Plant N Joy in a ceramic pot, Seed paper thank-you card, Mini plant care guide, Branded gift box, arranged on a natural wooden table with large softly blurred green monstera leaves in the background, soft natural daylight, premium corporate gift presentation, whole hamper in frame and centred. Pots and gift box carry a small round ""buddy4plant"" tree logo sticker. No other text, no other brand names, no watermark, no people."
G4,corporate-clean-air-duo-hamper.jpg,Clean Air Duo Hamper,gifting,"Professional e-commerce product photo, square 1:1, 4K, ultra-realistic. A corporate plant gift hamper called ""Clean Air Duo Hamper"" containing: Peace Lily Plant, Snake Plant, Two matching white pots, Premium gift box, arranged on a natural wooden table with large softly blurred green monstera leaves in the background, soft natural daylight, premium corporate gift presentation, whole hamper in frame and centred. Pots and gift box carry a small round ""buddy4plant"" tree logo sticker. No other text, no other brand names, no watermark, no people."
G5,corporate-succulent-trio-box.jpg,Succulent Trio Box,gifting,"Professional e-commerce product photo, square 1:1, 4K, ultra-realistic. A corporate plant gift hamper called ""Succulent Trio Box"" containing: 3 easy succulents in mini ceramic pots, Wooden display tray, Care card, arranged on a natural wooden table with large softly blurred green monstera leaves in the background, soft natural daylight, premium corporate gift presentation, whole hamper in frame and centred. Pots and gift box carry a small round ""buddy4plant"" tree logo sticker. No other text, no other brand names, no watermark, no people."
G6,corporate-prosperity-hamper.jpg,Prosperity Hamper,gifting,"Professional e-commerce product photo, square 1:1, 4K, ultra-realistic. A corporate plant gift hamper called ""Prosperity Hamper"" containing: Jade Plant, Money Plant Golden, Handmade clay diya, Festive gift box, arranged on a natural wooden table with large softly blurred green monstera leaves in the background, soft natural daylight, premium corporate gift presentation, whole hamper in frame and centred. Pots and gift box carry a small round ""buddy4plant"" tree logo sticker. No other text, no other brand names, no watermark, no people."
G7,corporate-executive-green-hamper.jpg,Executive Green Hamper,gifting,"Professional e-commerce product photo, square 1:1, 4K, ultra-realistic. A corporate plant gift hamper called ""Executive Green Hamper"" containing: ZZ Plant in a premium ceramic planter, Buddy4Plant Plant Food (1 kg), Personalised message card, Premium box, arranged on a natural wooden table with large softly blurred green monstera leaves in the background, soft natural daylight, premium corporate gift presentation, whole hamper in frame and centred. Pots and gift box carry a small round ""buddy4plant"" tree logo sticker. No other text, no other brand names, no watermark, no people."
G8,corporate-festive-glow-hamper.jpg,Festive Glow Hamper,gifting,"Professional e-commerce product photo, square 1:1, 4K, ultra-realistic. A corporate plant gift hamper called ""Festive Glow Hamper"" containing: Anthurium Red Plant, Aglaonema Red Plant, Scented soy candle, Decorated festive basket, arranged on a natural wooden table with large softly blurred green monstera leaves in the background, soft natural daylight, premium corporate gift presentation, whole hamper in frame and centred. Pots and gift box carry a small round ""buddy4plant"" tree logo sticker. No other text, no other brand names, no watermark, no people."
G9,corporate-client-appreciation-bonsai.jpg,Client Appreciation Bonsai,gifting,"Professional e-commerce product photo, square 1:1, 4K, ultra-realistic. A corporate plant gift hamper called ""Client Appreciation Bonsai"" containing: Ficus Bonsai in a ceramic tray, Bonsai care guide, Premium gift box, arranged on a natural wooden table with large softly blurred green monstera leaves in the background, soft natural daylight, premium corporate gift presentation, whole hamper in frame and centred. Pots and gift box carry a small round ""buddy4plant"" tree logo sticker. No other text, no other brand names, no watermark, no people."
G10,corporate-grand-celebration-hamper.jpg,Grand Celebration Hamper,gifting,"Professional e-commerce product photo, square 1:1, 4K, ultra-realistic. A corporate plant gift hamper called ""Grand Celebration Hamper"" containing: Areca Palm Plant, Peace Lily Plant, Money Plant Golden, Buddy4Plant Plant Food (1 kg), Wicker basket with festive wrap, arranged on a natural wooden table with large softly blurred green monstera leaves in the background, soft natural daylight, premium corporate gift presentation, whole hamper in frame and centred. Pots and gift box carry a small round ""buddy4plant"" tree logo sticker. No other text, no other brand names, no watermark, no people."
